path,kind,lines,sha256,review,review_detail,owner,action,target,note,reference_counts
.github/ISSUE_TEMPLATE/bug_report.yml,text-contract-doc-build,124,4b3d62a25a7a7199bc471239ce96efd45487ebec9f69ac63df6ac0c73782c9ad,static-text-scan-only,No claim of manual line-by-line review,repository infrastructure/resources,keep,.github/ISSUE_TEMPLATE/bug_report.yml,Update path consumers only when corresponding source moves,{}
.github/ISSUE_TEMPLATE/feature_request.yml,text-contract-doc-build,53,d0e3c7d6a8ac82f9c02a48cdb892dd44b34ffa2c16b3ce429aafc25b89dc48b6,static-text-scan-only,No claim of manual line-by-line review,repository infrastructure/resources,keep,.github/ISSUE_TEMPLATE/feature_request.yml,Update path consumers only when corresponding source moves,{}
.github/ISSUE_TEMPLATE/version_mismatch.yml,text-contract-doc-build,105,61c401c707035fb5c0b1cef59bb442cc548c7bf7efcf46e9e3d371b9c9570ed6,static-text-scan-only,No claim of manual line-by-line review,repository infrastructure/resources,keep,.github/ISSUE_TEMPLATE/version_mismatch.yml,Update path consumers only when corresponding source moves,{}
.github/workflows/build.yml,text-contract-doc-build,321,88c78ddfc5d53f82e53bfba44e1c9cbf8ba55a702e23184617bdc86f8a7b9827,static-text-scan-only,No claim of manual line-by-line review,repository infrastructure/resources,keep,.github/workflows/build.yml,Update path consumers only when corresponding source moves,{}
.github/workflows/pages.yml,text-contract-doc-build,44,1f62f2abbe67770a1a7f1e03db380eb06f55c538d84e40a168250658cd84fdc6,static-text-scan-only,No claim of manual line-by-line review,repository infrastructure/resources,keep,.github/workflows/pages.yml,Update path consumers only when corresponding source moves,{}
.gitignore,text-contract-doc-build,48,229ce4f9bc46024ee70be1a9e9d9316516289aecca450715f9368ae9db0765d2,static-text-scan-only,No claim of manual line-by-line review,repository infrastructure/resources,keep,.gitignore,Update path consumers only when corresponding source moves,{}
.gitmodules,text-contract-doc-build,6,5661206f0345214cfd844bacab1741763250ebc9df088f29c628a5737186d749,static-text-scan-only,No claim of manual line-by-line review,repository infrastructure/resources,keep,.gitmodules,Update path consumers only when corresponding source moves,{}
CMakeLists.txt,text-contract-doc-build,5,8c5f12cf26bb1673ce044e426a3b2341cd262c14f05288e22797e08496f5ff56,static-text-scan-only,No claim of manual line-by-line review,repository infrastructure/resources,keep,CMakeLists.txt,Update path consumers only when corresponding source moves,{}
Cargo.lock,text-contract-doc-build,5459,7cabeb07567d05fc71e1658b2dea58af352a57561967210d82087041eaddf952,static-text-scan-only,No claim of manual line-by-line review,repository infrastructure/resources,keep,Cargo.lock,Update path consumers only when corresponding source moves,"{""world_editor"": 2}"
Cargo.toml,text-contract-doc-build,31,937dfeab0e1a29e7c73b2e47bb0f61b7fd939043161c5189d0a068bdff4b6edf,full-file-read,Full file contents inspected in current review,repository infrastructure/resources,keep,Cargo.toml,Update path consumers only when corresponding source moves,{}
Directory.Build.props,text-contract-doc-build,5,c6d5e247203402344f6184c44441f6b4b694d3f4ecc75948a592e1a0ad0322bd,static-text-scan-only,No claim of manual line-by-line review,repository infrastructure/resources,keep,Directory.Build.props,Update path consumers only when corresponding source moves,{}
LICENSE,text-contract-doc-build,21,6feff1bff1bf320ac2d0bcbabe9f3a91eee74fdd2f57888084299829f7e08c6d,static-text-scan-only,No claim of manual line-by-line review,repository infrastructure/resources,keep,LICENSE,Update path consumers only when corresponding source moves,{}
README.md,text-contract-doc-build,154,2c50f64c4114b12bdd0650a5b7cc7fcb6d4000f330db4364eef7cd66bb53ac17,static-text-scan-only,No claim of manual line-by-line review,repository infrastructure/resources,keep,README.md,Update path consumers only when corresponding source moves,{}
SECURITY.md,text-contract-doc-build,17,930eadf685429bbda4faa3d6beca415897724e90ebf4746316b935a93e9b5cce,static-text-scan-only,No claim of manual line-by-line review,repository infrastructure/resources,keep,SECURITY.md,Update path consumers only when corresponding source moves,{}
VERSION,text-contract-doc-build,1,9d06f9026cc1478057f458bab5b5e62e151c8f3b9c8526dc182c5b3b00783d48,static-text-scan-only,No claim of manual line-by-line review,repository infrastructure/resources,keep,VERSION,Update path consumers only when corresponding source moves,{}
assets/debug_log.png,binary,,c3e85677d08a78125d731026536799d537806c314cacd0fc757688234af9a0f8,inventory-only,No claim of manual line-by-line review,repository infrastructure/resources,keep,assets/debug_log.png,Update path consumers only when corresponding source moves,{}
assets/modloader-ui-2.png,binary,,1d94c3c4a1d4ab782598ddea57f259987ff3c7b0ba2af8af4e76dbda6a0bff58,inventory-only,No claim of manual line-by-line review,repository infrastructure/resources,keep,assets/modloader-ui-2.png,Update path consumers only when corresponding source moves,{}
assets/modloader-ui.png,binary,,8471993944a36bbeb45651a5a4f5ef4a1d8922524df0d8380628728037c85236,inventory-only,No claim of manual line-by-line review,repository infrastructure/resources,keep,assets/modloader-ui.png,Update path consumers only when corresponding source moves,{}
assets/shroudforge-sf-mark.png,binary,,fc50a32cc0bd81b013baf7839394c3078626a355ac8ea303fa1ee7c4cb623666,inventory-only,No claim of manual line-by-line review,repository infrastructure/resources,keep,assets/shroudforge-sf-mark.png,Update path consumers only when corresponding source moves,{}
assets/shroudforge-sf-mark.svg,text-contract-doc-build,16,b5b68fbdbb5fb2e9d8edd03625bb2f5b7b69cbc31cb7e6df099255caadf964bd,static-text-scan-only,No claim of manual line-by-line review,repository infrastructure/resources,keep,assets/shroudforge-sf-mark.svg,Update path consumers only when corresponding source moves,{}
assets/worldeditor_bar.png,binary,,e076e65662e39a04439a6a92e2a0b5dc632b585a003928048e2e7d3ef700aca4,inventory-only,No claim of manual line-by-line review,repository infrastructure/resources,keep,assets/worldeditor_bar.png,Update path consumers only when corresponding source moves,{}
assets/worldeditor_bar_manage.png,binary,,303402aefe8dde23d232ba2ef757549a2823e96def8d1eaa8f66aa29653072c6,inventory-only,No claim of manual line-by-line review,repository infrastructure/resources,keep,assets/worldeditor_bar_manage.png,Update path consumers only when corresponding source moves,{}
build.ps1,source,174,09062cad09183bde6b80cffc596c8bb899d6469158c680c46b187b13ade4a9a8,full-file-read,Full file contents inspected in current review,release build,delegate,build.ps1 | tools/build/ui.ps1 | tools/build/native.ps1 | tools/build/rust.ps1 | tools/build/package.ps1,Keep stable release entry; package mods generically with all UI files,"{""kfc_access"": 3}"
crowdin.yml,text-contract-doc-build,9,72505e0b7d262740be318b74a6e6fab148e25bf17ad14f403dc5fb66acc2ee9e,static-text-scan-only,No claim of manual line-by-line review,repository infrastructure/resources,keep,crowdin.yml,Update path consumers only when corresponding source moves,{}
docs/eml/API_Reference_Syntax.md,text-contract-doc-build,726,0cb16f588ea97c3918b626a223c8b693f2950994cf22b6fac2df59c1fd220690,static-text-scan-only,No claim of manual line-by-line review,documentation,keep-and-reconcile,docs/eml/API_Reference_Syntax.md,"Audience-specific docs; mark historical runtime evidence, remove contradictory current guidance",{}
docs/eml/ecosystem/EML_Mods_20260827.md,text-contract-doc-build,77,da24106af84c86d886614a3eae7f9331b7a3c8fc47c3bc4a2f166fd79fe30fc8,static-text-scan-only,No claim of manual line-by-line review,documentation,keep-and-reconcile,docs/eml/ecosystem/EML_Mods_20260827.md,"Audience-specific docs; mark historical runtime evidence, remove contradictory current guidance",{}
docs/eml/guides/README.md,text-contract-doc-build,42,025b3efeb19b669316ca07712f1f3cc8748b7834331e3f4bb11b8d0e543c8918,static-text-scan-only,No claim of manual line-by-line review,documentation,keep-and-reconcile,docs/eml/guides/README.md,"Audience-specific docs; mark historical runtime evidence, remove contradictory current guidance",{}
docs/eml/guides/User_1_Regular_Player.md,text-contract-doc-build,57,2d3b744a0201d820538e247adbb958336c6e1665acb08cbf3e01aa6603daa98b,static-text-scan-only,No claim of manual line-by-line review,documentation,keep-and-reconcile,docs/eml/guides/User_1_Regular_Player.md,"Audience-specific docs; mark historical runtime evidence, remove contradictory current guidance",{}
docs/eml/guides/User_2_Data_Miner.md,text-contract-doc-build,197,cb55408348d228be4e5ecdc5d07cb5fea554527251d3935900a767c2b629be39,static-text-scan-only,No claim of manual line-by-line review,documentation,keep-and-reconcile,docs/eml/guides/User_2_Data_Miner.md,"Audience-specific docs; mark historical runtime evidence, remove contradictory current guidance",{}
docs/eml/guides/User_3_Mod_Creator.md,text-contract-doc-build,183,d7a7e8650d591c805ad6ba459c81656cb7f0e901fece91409f0411a39d3c5512,static-text-scan-only,No claim of manual line-by-line review,documentation,keep-and-reconcile,docs/eml/guides/User_3_Mod_Creator.md,"Audience-specific docs; mark historical runtime evidence, remove contradictory current guidance",{}
docs/eml/guides/User_4_GPortal_Server_Admin.md,text-contract-doc-build,70,0f5fbc43545a9db907d6321961a60cf4a91291d21648814dabc2552a2cce2654,static-text-scan-only,No claim of manual line-by-line review,documentation,keep-and-reconcile,docs/eml/guides/User_4_GPortal_Server_Admin.md,"Audience-specific docs; mark historical runtime evidence, remove contradictory current guidance",{}
docs/sf/Architecture.md,text-contract-doc-build,159,876168461246648b643601cb10d6e5fe6e033258485d08bab4d0616afea2c200,selected-sections-read,structure and guide claims,documentation,keep-and-reconcile,docs/sf/Architecture.md,"Audience-specific docs; mark historical runtime evidence, remove contradictory current guidance","{""kfc_access"": 1}"
docs/sf/README.md,text-contract-doc-build,23,f7f271cac3b486d21974df2555275aca96c0ea2270295f1706809150f3d40777,static-text-scan-only,No claim of manual line-by-line review,documentation,keep-and-reconcile,docs/sf/README.md,"Audience-specific docs; mark historical runtime evidence, remove contradictory current guidance",{}
docs/sf/mod-multiplayer.md,text-contract-doc-build,122,159307675ead16d73bd1a879b6085645b77af7eebba3b4a63253dd45d08fa47d,selected-sections-read,entire document shown,documentation,keep-and-reconcile,docs/sf/mod-multiplayer.md,"Audience-specific docs; mark historical runtime evidence, remove contradictory current guidance","{""kfc_access"": 1, ""world_editor"": 2}"
docs/sf/mod-packages.md,text-contract-doc-build,191,0242a5fad5458e074641d09dab1cc81d86e04a5679ec3c8b0a4cce99a0d3978f,static-text-scan-only,No claim of manual line-by-line review,documentation,keep-and-reconcile,docs/sf/mod-packages.md,"Audience-specific docs; mark historical runtime evidence, remove contradictory current guidance","{""world_editor"": 1}"
docs/sf/modloader-content.md,text-contract-doc-build,62,301b8140604c63009dba796d0439fe1f0149ccb2868829588eafd2b79311d8f8,static-text-scan-only,No claim of manual line-by-line review,documentation,keep-and-reconcile,docs/sf/modloader-content.md,"Audience-specific docs; mark historical runtime evidence, remove contradictory current guidance",{}
docs/sf/parser.md,text-contract-doc-build,12,c8b40aea8f3751abbf29afbbce6adf4b6f08f1b0b774ec567aefaf2455fb6b76,static-text-scan-only,No claim of manual line-by-line review,documentation,keep-and-reconcile,docs/sf/parser.md,"Audience-specific docs; mark historical runtime evidence, remove contradictory current guidance",{}
docs/sf/refactor-masterplan.md,text-contract-doc-build,524,92c6340c94bca5e39159d0b8739edb6ba8f0568f6fbd08088dfd95b8bd370108,static-text-scan-only,No claim of manual line-by-line review,documentation,keep-and-reconcile,docs/sf/refactor-masterplan.md,"Audience-specific docs; mark historical runtime evidence, remove contradictory current guidance","{""world_editor"": 4}"
docs/sf/runtime-registry.md,text-contract-doc-build,403,f230c2e1bda42f0c5370d56d17f7c78e05daac5d9f4910ddfc7923c6a278c58c,static-text-scan-only,No claim of manual line-by-line review,documentation,keep-and-reconcile,docs/sf/runtime-registry.md,"Audience-specific docs; mark historical runtime evidence, remove contradictory current guidance","{""kfc_access"": 2, ""native_symbols"": 1, ""world_editor"": 1}"
docs/sf/runtime.md,text-contract-doc-build,111,434d7dd09f19278638f4588e2a9fc7f9f59c52a946321051d63a61fc27567eb1,static-text-scan-only,No claim of manual line-by-line review,documentation,keep-and-reconcile,docs/sf/runtime.md,"Audience-specific docs; mark historical runtime evidence, remove contradictory current guidance","{""kfc_access"": 1, ""native_symbols"": 3}"
docs/sf/server-support-concept.md,binary,,1943c85017db7ef1cb668d3e7f667119d937c245ecef94d31dd00e3cbc5b792c,selected-sections-read,entire document shown,documentation,keep-and-reconcile,docs/sf/server-support-concept.md,"Audience-specific docs; mark historical runtime evidence, remove contradictory current guidance",{}
docs/sf/updater-workflow.md,text-contract-doc-build,54,53e4b142abfc00f9ee0200f0e6d13238ba59806a4cf31fb61a7e61606ccc9c65,static-text-scan-only,No claim of manual line-by-line review,documentation,keep-and-reconcile,docs/sf/updater-workflow.md,"Audience-specific docs; mark historical runtime evidence, remove contradictory current guidance",{}
eml-mods/XHL-Auto-Loot/XHL-Auto-Loot.dll,binary,,d5d8762ba58e8eec242c56c10c5c350cf24d29f86f7ecddf15061a15becb6101,inventory-only,No claim of manual line-by-line review,external EML compatibility examples,keep,eml-mods/XHL-Auto-Loot/XHL-Auto-Loot.dll,Import through EML adapter; binary DLL source is not in this repository,{}
eml-mods/XHL-Auto-Loot/config.txt,text-contract-doc-build,30,fbb4c3bf43208bc8a39ca04eff39149fb2dbe0a4faff85aa37e94e74306a9860,static-text-scan-only,No claim of manual line-by-line review,external EML compatibility examples,keep,eml-mods/XHL-Auto-Loot/config.txt,Import through EML adapter; binary DLL source is not in this repository,{}
eml-mods/XHL-Auto-Loot/mod.json,text-contract-doc-build,13,71b26b844cc5950d1326aeac3e89b97f6f0d677387e5f11f67e949083fafad80,static-text-scan-only,No claim of manual line-by-line review,external EML compatibility examples,keep,eml-mods/XHL-Auto-Loot/mod.json,Import through EML adapter; binary DLL source is not in this repository,{}
eml-mods/XHL-Auto-Loot/native-plugin.ini,text-contract-doc-build,3,e072232be04e69613cdac46a900dd44636188d3b0e8d54d7efe36692e8947448,static-text-scan-only,No claim of manual line-by-line review,external EML compatibility examples,keep,eml-mods/XHL-Auto-Loot/native-plugin.ini,Import through EML adapter; binary DLL source is not in this repository,{}
eml-mods/XHL-Auto-Loot/src/mod.lua,source,438,537129568664006401e30c09b5306281f9e1384a4ad5202cad47f64e0325b69e,static-text-scan-only,No claim of manual line-by-line review,external EML compatibility examples,keep,eml-mods/XHL-Auto-Loot/src/mod.lua,Import through EML adapter; binary DLL source is not in this repository,{}
eml-mods/XHL-Grappling-Hook-Pull-2x/config.txt,text-contract-doc-build,3,d8f1fbc228269426cf99da2f5a414a3a61b286804ae7a8cc16087ec1680748d5,static-text-scan-only,No claim of manual line-by-line review,external EML compatibility examples,keep,eml-mods/XHL-Grappling-Hook-Pull-2x/config.txt,Import through EML adapter; binary DLL source is not in this repository,{}
eml-mods/XHL-Grappling-Hook-Pull-2x/mod.json,text-contract-doc-build,13,3321fd118714956d3b49418996d52b7dae359d46290669e2d1e5283598624caf,static-text-scan-only,No claim of manual line-by-line review,external EML compatibility examples,keep,eml-mods/XHL-Grappling-Hook-Pull-2x/mod.json,Import through EML adapter; binary DLL source is not in this repository,{}
eml-mods/XHL-Grappling-Hook-Pull-2x/src/mod.lua,source,197,2bd56ba99ff03b67b42dc9635ef446844adf42f4d3975f37df7c8d4994c7646a,static-text-scan-only,No claim of manual line-by-line review,external EML compatibility examples,keep,eml-mods/XHL-Grappling-Hook-Pull-2x/src/mod.lua,Import through EML adapter; binary DLL source is not in this repository,{}
eml-mods/XHL-Max-Stack-65535/config.txt,text-contract-doc-build,3,7a826357112cd5b2cfa9b629fa005cf2233caa283e650db42d5c8e0a072d76a1,static-text-scan-only,No claim of manual line-by-line review,external EML compatibility examples,keep,eml-mods/XHL-Max-Stack-65535/config.txt,Import through EML adapter; binary DLL source is not in this repository,{}
eml-mods/XHL-Max-Stack-65535/mod.json,text-contract-doc-build,13,c85042f362e0e720784ea8ce61f138b8649a534ec2015dddc4c13511e9e0c217,static-text-scan-only,No claim of manual line-by-line review,external EML compatibility examples,keep,eml-mods/XHL-Max-Stack-65535/mod.json,Import through EML adapter; binary DLL source is not in this repository,{}
eml-mods/XHL-Max-Stack-65535/src/mod.lua,source,112,627326f0b34f513359b714a8ebeab1da9cf66cf1192edb209b53ce60da09be56,static-text-scan-only,No claim of manual line-by-line review,external EML compatibility examples,keep,eml-mods/XHL-Max-Stack-65535/src/mod.lua,Import through EML adapter; binary DLL source is not in this repository,{}
eml-mods/XHL-Unlimited-Flame-Altars/XHL-Unlimited-Flame-Altars.dll,binary,,a31e4f37c34d371dac51c3a24317dacc5acd41411d8873b988caf3187fdc00fc,inventory-only,No claim of manual line-by-line review,external EML compatibility examples,keep,eml-mods/XHL-Unlimited-Flame-Altars/XHL-Unlimited-Flame-Altars.dll,Import through EML adapter; binary DLL source is not in this repository,{}
eml-mods/XHL-Unlimited-Flame-Altars/config.txt,text-contract-doc-build,1,f6a2565056ed10ba270da94e671fa5d7ced8ade044fc8b31a851840f7bce654f,static-text-scan-only,No claim of manual line-by-line review,external EML compatibility examples,keep,eml-mods/XHL-Unlimited-Flame-Altars/config.txt,Import through EML adapter; binary DLL source is not in this repository,{}
eml-mods/XHL-Unlimited-Flame-Altars/mod.json,text-contract-doc-build,13,8777ab6fc26ac5c77c35134752d77db6b804c1b73896fb39e79ec8d9def92e48,static-text-scan-only,No claim of manual line-by-line review,external EML compatibility examples,keep,eml-mods/XHL-Unlimited-Flame-Altars/mod.json,Import through EML adapter; binary DLL source is not in this repository,{}
eml-mods/XHL-Unlimited-Flame-Altars/native-plugin.ini,text-contract-doc-build,3,80239e47e0f2e4b1930ebdddccac54bccebeefeb667d5e94c6553478178b7c18,static-text-scan-only,No claim of manual line-by-line review,external EML compatibility examples,keep,eml-mods/XHL-Unlimited-Flame-Altars/native-plugin.ini,Import through EML adapter; binary DLL source is not in this repository,{}
eml-mods/XHL-Unlimited-Flame-Altars/src/mod.lua,source,118,c0f1bac3559b41abd95a45c136543a234e639cf014224fb16b7a4e6b6971e225,static-text-scan-only,No claim of manual line-by-line review,external EML compatibility examples,keep,eml-mods/XHL-Unlimited-Flame-Altars/src/mod.lua,Import through EML adapter; binary DLL source is not in this repository,{}
eml-mods/XHL-Vein-Mining/XHL-Vein-Mining.dll,binary,,6d31c439fda536aad2078683a244e2d05f685e5e3fba2d5467950fff613f5bcc,inventory-only,No claim of manual line-by-line review,external EML compatibility examples,keep,eml-mods/XHL-Vein-Mining/XHL-Vein-Mining.dll,Import through EML adapter; binary DLL source is not in this repository,{}
eml-mods/XHL-Vein-Mining/config.txt,text-contract-doc-build,8,904443745a7a9ce4a1461aa3ecc1b02850631bc707a5cb452167eba7f41c52a9,static-text-scan-only,No claim of manual line-by-line review,external EML compatibility examples,keep,eml-mods/XHL-Vein-Mining/config.txt,Import through EML adapter; binary DLL source is not in this repository,{}
eml-mods/XHL-Vein-Mining/mod.json,text-contract-doc-build,13,112e6c52537eb28f811854a56dd3012437e4a8b82735220f42953af702410a25,static-text-scan-only,No claim of manual line-by-line review,external EML compatibility examples,keep,eml-mods/XHL-Vein-Mining/mod.json,Import through EML adapter; binary DLL source is not in this repository,{}
eml-mods/XHL-Vein-Mining/native-plugin.ini,text-contract-doc-build,3,799dd0b7bbe1ece75d346b891d076dc22d115454779d762771a27af7e9ddea8d,static-text-scan-only,No claim of manual line-by-line review,external EML compatibility examples,keep,eml-mods/XHL-Vein-Mining/native-plugin.ini,Import through EML adapter; binary DLL source is not in this repository,{}
eml-mods/XHL-Vein-Mining/src/mod.lua,source,65,18dd185a312f0ddf8914997a6b96b20bdefc90bcee94876e2fb58b6ef4d4700b,static-text-scan-only,No claim of manual line-by-line review,external EML compatibility examples,keep,eml-mods/XHL-Vein-Mining/src/mod.lua,Import through EML adapter; binary DLL source is not in this repository,{}
eml-mods/XHL-Workshop-Speed-20x/config.txt,text-contract-doc-build,5,9c1a700c75785ba342e4516be3f727d87b34e53644efe5b848d7a970ee1cbffb,static-text-scan-only,No claim of manual line-by-line review,external EML compatibility examples,keep,eml-mods/XHL-Workshop-Speed-20x/config.txt,Import through EML adapter; binary DLL source is not in this repository,{}
eml-mods/XHL-Workshop-Speed-20x/mod.json,text-contract-doc-build,13,767d20d8e27a528d933a177ff502efb73eb99f5f337f4d1eade7dac74b4aa54a,static-text-scan-only,No claim of manual line-by-line review,external EML compatibility examples,keep,eml-mods/XHL-Workshop-Speed-20x/mod.json,Import through EML adapter; binary DLL source is not in this repository,{}
eml-mods/XHL-Workshop-Speed-20x/src/mod.lua,source,121,179f3e18a5032235c615af3d663c758f71a4ea2065a9f53e02e40af3bec95f4d,static-text-scan-only,No claim of manual line-by-line review,external EML compatibility examples,keep,eml-mods/XHL-Workshop-Speed-20x/src/mod.lua,Import through EML adapter; binary DLL source is not in this repository,{}
eml-mods/fishing-exporter/.luarc.json,text-contract-doc-build,35,8444fd2aaaeec826b7547b1453f63f6335639f059c4632785c81dfcad6d09242,static-text-scan-only,No claim of manual line-by-line review,external EML compatibility examples,keep,eml-mods/fishing-exporter/.luarc.json,Import through EML adapter; binary DLL source is not in this repository,{}
eml-mods/fishing-exporter/README.md,text-contract-doc-build,104,ca2750f452f10cd2b5705d54e45ee3eb228229b8546cd75d63943dba5ef2be8b,static-text-scan-only,No claim of manual line-by-line review,external EML compatibility examples,keep,eml-mods/fishing-exporter/README.md,Import through EML adapter; binary DLL source is not in this repository,{}
eml-mods/fishing-exporter/mod.json,text-contract-doc-build,16,83c8887ff24be18084237734ab21a037fc83bdee6e0a0a24437629335a143b27,static-text-scan-only,No claim of manual line-by-line review,external EML compatibility examples,keep,eml-mods/fishing-exporter/mod.json,Import through EML adapter; binary DLL source is not in this repository,{}
eml-mods/fishing-exporter/src/mod.lua,source,582,ea0d8b7739dd30386d149ed31377c9980ff0e89568ab64063fa3b937bc12aa6e,static-text-scan-only,No claim of manual line-by-line review,external EML compatibility examples,keep,eml-mods/fishing-exporter/src/mod.lua,Import through EML adapter; binary DLL source is not in this repository,{}
eml-mods/item-translator/.luarc.json,text-contract-doc-build,35,8444fd2aaaeec826b7547b1453f63f6335639f059c4632785c81dfcad6d09242,static-text-scan-only,No claim of manual line-by-line review,external EML compatibility examples,keep,eml-mods/item-translator/.luarc.json,Import through EML adapter; binary DLL source is not in this repository,{}
eml-mods/item-translator/README.md,text-contract-doc-build,98,96d1409e1df22915793679952190a4feaeed59db915b193effc866875a7d2841,static-text-scan-only,No claim of manual line-by-line review,external EML compatibility examples,keep,eml-mods/item-translator/README.md,Import through EML adapter; binary DLL source is not in this repository,{}
eml-mods/item-translator/mod.json,text-contract-doc-build,16,99e604e2eb8aba819c8c94d284ed456250f9baffd870c7c895d472f61b880bdd,static-text-scan-only,No claim of manual line-by-line review,external EML compatibility examples,keep,eml-mods/item-translator/mod.json,Import through EML adapter; binary DLL source is not in this repository,{}
eml-mods/item-translator/src/mod.lua,source,141,f8b684de232335e53cf0c8ae93032c90cd1e60346f6df8328de9c7e692a1c3ef,static-text-scan-only,No claim of manual line-by-line review,external EML compatibility examples,keep,eml-mods/item-translator/src/mod.lua,Import through EML adapter; binary DLL source is not in this repository,{}
eml-mods/kfc-parser-mimic/.luarc.json,text-contract-doc-build,35,8444fd2aaaeec826b7547b1453f63f6335639f059c4632785c81dfcad6d09242,static-text-scan-only,No claim of manual line-by-line review,external EML compatibility examples,keep,eml-mods/kfc-parser-mimic/.luarc.json,Import through EML adapter; binary DLL source is not in this repository,{}
eml-mods/kfc-parser-mimic/README.md,text-contract-doc-build,191,e11b99f01262b3615b5a11174762c809d4118f5a661ddb13f5f52bdea3c66bcc,static-text-scan-only,No claim of manual line-by-line review,external EML compatibility examples,keep,eml-mods/kfc-parser-mimic/README.md,Import through EML adapter; binary DLL source is not in this repository,{}
eml-mods/kfc-parser-mimic/batch_format_assets.py,source,259,d4d43a0e807a8237119bfc041f3185004092a1cda9bc71ea342bd096997e4bcf,static-text-scan-only,No claim of manual line-by-line review,external EML compatibility examples,keep,eml-mods/kfc-parser-mimic/batch_format_assets.py,Import through EML adapter; binary DLL source is not in this repository,{}
eml-mods/kfc-parser-mimic/mod.json,text-contract-doc-build,16,f805bcac857d089fbe84bc9d403ca4e09fa3d6a42d9d8ad45b2ed18fa22a8eae,static-text-scan-only,No claim of manual line-by-line review,external EML compatibility examples,keep,eml-mods/kfc-parser-mimic/mod.json,Import through EML adapter; binary DLL source is not in this repository,{}
eml-mods/kfc-parser-mimic/src/mod.lua,source,548,9fb5dbda69cfb4e75c220ef1e383f88a3183815d140bed261ac2a514ca2a376a,static-text-scan-only,No claim of manual line-by-line review,external EML compatibility examples,keep,eml-mods/kfc-parser-mimic/src/mod.lua,Import through EML adapter; binary DLL source is not in this repository,{}
mods/README.md,text-contract-doc-build,77,3df66e75c1db1627a7491171ee7f51149bdb6cc06a0b29aca408d96ddeec2812,static-text-scan-only,No claim of manual line-by-line review,installed mod package,keep,mods/README.md,Portable package; World Editor extension gains generic UI/command declarations,"{""world_editor"": 2}"
mods/sf-auto-stamina-refill/.luarc.json,text-contract-doc-build,33,9226922b161f22c6b37a053c3d82c471c4223d94281e955a026313b96e803913,static-text-scan-only,No claim of manual line-by-line review,installed mod package,keep,mods/sf-auto-stamina-refill/.luarc.json,Portable package; World Editor extension gains generic UI/command declarations,{}
mods/sf-auto-stamina-refill/extended.mod.json,text-contract-doc-build,29,67a8527c296b3beb62cc09791e213272f4c19a43b54d39c44440aad912573c0c,static-text-scan-only,No claim of manual line-by-line review,installed mod package,keep,mods/sf-auto-stamina-refill/extended.mod.json,Portable package; World Editor extension gains generic UI/command declarations,{}
mods/sf-auto-stamina-refill/icon.svg,text-contract-doc-build,12,a8f4cefee8bc2fc2813034c6ce8e73e517bd9a2c2aacfb07adab3ea41dffc95c,static-text-scan-only,No claim of manual line-by-line review,installed mod package,keep,mods/sf-auto-stamina-refill/icon.svg,Portable package; World Editor extension gains generic UI/command declarations,{}
mods/sf-auto-stamina-refill/mod.json,text-contract-doc-build,16,929111c68b62116815b3a9a81fa2866ebd529797ba24268cdd4e863fa9728714,static-text-scan-only,No claim of manual line-by-line review,installed mod package,keep,mods/sf-auto-stamina-refill/mod.json,Portable package; World Editor extension gains generic UI/command declarations,{}
mods/sf-auto-stamina-refill/src/mod.lua,source,44,c117cada7200d43b9b2fab019a1afdb6c24e90f31cd8c49636a8528bf1edeec7,full-file-read,Full file contents inspected in current review,installed mod package,keep,mods/sf-auto-stamina-refill/src/mod.lua,Portable package; World Editor extension gains generic UI/command declarations,{}
mods/sf-infinite-item-split/.luarc.json,text-contract-doc-build,33,9226922b161f22c6b37a053c3d82c471c4223d94281e955a026313b96e803913,static-text-scan-only,No claim of manual line-by-line review,installed mod package,keep,mods/sf-infinite-item-split/.luarc.json,Portable package; World Editor extension gains generic UI/command declarations,{}
mods/sf-infinite-item-split/extended.mod.json,text-contract-doc-build,17,2b0a88a98c8a0880c779809279dd30bad1687bf832d2e092a5d59c2985b07f9a,static-text-scan-only,No claim of manual line-by-line review,installed mod package,keep,mods/sf-infinite-item-split/extended.mod.json,Portable package; World Editor extension gains generic UI/command declarations,{}
mods/sf-infinite-item-split/icon.svg,text-contract-doc-build,14,bb7dece404ecc45a71a3872dbb56bc2b4266eae5b3fa20be59d137dae718bd14,static-text-scan-only,No claim of manual line-by-line review,installed mod package,keep,mods/sf-infinite-item-split/icon.svg,Portable package; World Editor extension gains generic UI/command declarations,{}
mods/sf-infinite-item-split/mod.json,text-contract-doc-build,16,bb05da44854c099b37e53a0cb04013fc9becc1aa77ef8e45a7c00b1ac0c67798,static-text-scan-only,No claim of manual line-by-line review,installed mod package,keep,mods/sf-infinite-item-split/mod.json,Portable package; World Editor extension gains generic UI/command declarations,{}
mods/sf-infinite-item-split/src/mod.lua,source,42,7b5e6225996575b69c2ae562246009e8f39ef13396c1580b63b54ee73c0dfbb4,full-file-read,Full file contents inspected in current review,installed mod package,keep,mods/sf-infinite-item-split/src/mod.lua,Portable package; World Editor extension gains generic UI/command declarations,{}
mods/sf-infinite-item-use/.luarc.json,text-contract-doc-build,33,9226922b161f22c6b37a053c3d82c471c4223d94281e955a026313b96e803913,static-text-scan-only,No claim of manual line-by-line review,installed mod package,keep,mods/sf-infinite-item-use/.luarc.json,Portable package; World Editor extension gains generic UI/command declarations,{}
mods/sf-infinite-item-use/extended.mod.json,text-contract-doc-build,17,a3707bc37555d0503fc4adf838e07382dbcc0e30cd1b053f731be6708a1ce3b3,static-text-scan-only,No claim of manual line-by-line review,installed mod package,keep,mods/sf-infinite-item-use/extended.mod.json,Portable package; World Editor extension gains generic UI/command declarations,{}
mods/sf-infinite-item-use/icon.svg,text-contract-doc-build,13,adcaffa5617ae819b15e834605bc25e5960940eaa199d2207ec12dfefa4cf754,static-text-scan-only,No claim of manual line-by-line review,installed mod package,keep,mods/sf-infinite-item-use/icon.svg,Portable package; World Editor extension gains generic UI/command declarations,{}
mods/sf-infinite-item-use/mod.json,text-contract-doc-build,16,b630a5f43ce7aad2eef8ec9cdadfd74c7e282a208bbdead15cfc7ad7e0a94759,static-text-scan-only,No claim of manual line-by-line review,installed mod package,keep,mods/sf-infinite-item-use/mod.json,Portable package; World Editor extension gains generic UI/command declarations,{}
mods/sf-infinite-item-use/src/mod.lua,source,33,5c3c3706b4a012006ea703996c8f163bfbb3d57ea196bc81137365123e12c565,full-file-read,Full file contents inspected in current review,installed mod package,keep,mods/sf-infinite-item-use/src/mod.lua,Portable package; World Editor extension gains generic UI/command declarations,{}
mods/sf-no-fall-damage/.luarc.json,text-contract-doc-build,33,9226922b161f22c6b37a053c3d82c471c4223d94281e955a026313b96e803913,static-text-scan-only,No claim of manual line-by-line review,installed mod package,keep,mods/sf-no-fall-damage/.luarc.json,Portable package; World Editor extension gains generic UI/command declarations,{}
mods/sf-no-fall-damage/extended.mod.json,text-contract-doc-build,30,ccf826a4b79ac001a76b36ff7ccae293fcb3be3216bce3f8150dbd709396c3e7,static-text-scan-only,No claim of manual line-by-line review,installed mod package,keep,mods/sf-no-fall-damage/extended.mod.json,Portable package; World Editor extension gains generic UI/command declarations,{}
mods/sf-no-fall-damage/icon.svg,text-contract-doc-build,12,84ff9199bc9ef05fe6f6ac1c9fbbcbf083df50f013e00cf3167b3c1eb78ca90a,static-text-scan-only,No claim of manual line-by-line review,installed mod package,keep,mods/sf-no-fall-damage/icon.svg,Portable package; World Editor extension gains generic UI/command declarations,{}
mods/sf-no-fall-damage/mod.json,text-contract-doc-build,16,0153e5d930a98985d17d44690e06878e612e9d4a76b5ac708e64131cbb9622a6,static-text-scan-only,No claim of manual line-by-line review,installed mod package,keep,mods/sf-no-fall-damage/mod.json,Portable package; World Editor extension gains generic UI/command declarations,{}
mods/sf-no-fall-damage/src/mod.lua,source,29,373111dcfc955dc701c690e7bf08313e6593ff88195e99cb268e43ec4fbae4dc,full-file-read,Full file contents inspected in current review,installed mod package,keep,mods/sf-no-fall-damage/src/mod.lua,Portable package; World Editor extension gains generic UI/command declarations,{}
mods/sf-no-resource-cost/.luarc.json,text-contract-doc-build,33,9226922b161f22c6b37a053c3d82c471c4223d94281e955a026313b96e803913,static-text-scan-only,No claim of manual line-by-line review,installed mod package,keep,mods/sf-no-resource-cost/.luarc.json,Portable package; World Editor extension gains generic UI/command declarations,{}
mods/sf-no-resource-cost/extended.mod.json,text-contract-doc-build,17,8b013d5c13416b0fdc0724d69e9cce25b6987f6d0f5cbc140ea7340ba734bf2e,static-text-scan-only,No claim of manual line-by-line review,installed mod package,keep,mods/sf-no-resource-cost/extended.mod.json,Portable package; World Editor extension gains generic UI/command declarations,{}
mods/sf-no-resource-cost/icon.svg,text-contract-doc-build,13,611baf9dddc72055e4cccb9ce4766d29f19f22e055f6effb51425f8216057010,static-text-scan-only,No claim of manual line-by-line review,installed mod package,keep,mods/sf-no-resource-cost/icon.svg,Portable package; World Editor extension gains generic UI/command declarations,{}
mods/sf-no-resource-cost/mod.json,text-contract-doc-build,16,8e9f0c18f7ba021ef2b3f7da1535aba318c162a0e8d5d0763ece52786a63e99a,static-text-scan-only,No claim of manual line-by-line review,installed mod package,keep,mods/sf-no-resource-cost/mod.json,Portable package; World Editor extension gains generic UI/command declarations,{}
mods/sf-no-resource-cost/src/mod.lua,source,33,5319d0b22d7428e08525f68b9f1eab51efb2ebdfb95cb7b8491412e347a422bf,full-file-read,Full file contents inspected in current review,installed mod package,keep,mods/sf-no-resource-cost/src/mod.lua,Portable package; World Editor extension gains generic UI/command declarations,{}
mods/sf-production-time/README.md,text-contract-doc-build,20,71085e537102efcba3eb19c7a544bfa474fc59b3141717390380be5c3b2c5c9f,static-text-scan-only,No claim of manual line-by-line review,installed mod package,keep,mods/sf-production-time/README.md,Portable package; World Editor extension gains generic UI/command declarations,{}
mods/sf-production-time/extended.mod.json,text-contract-doc-build,14,cecbcf56cd8e85997997cd310e70665fdc17952cdd9c33862c21473eb12b9cbe,static-text-scan-only,No claim of manual line-by-line review,installed mod package,keep,mods/sf-production-time/extended.mod.json,Portable package; World Editor extension gains generic UI/command declarations,{}
mods/sf-production-time/icon.svg,text-contract-doc-build,15,bf88f707a2d6d24571f24e7019ba5b72134cf41e3dfe815b72d1e87b231b26c5,static-text-scan-only,No claim of manual line-by-line review,installed mod package,keep,mods/sf-production-time/icon.svg,Portable package; World Editor extension gains generic UI/command declarations,{}
mods/sf-production-time/mod.json,text-contract-doc-build,11,6f2e61a9bd6a009db6ebf0cf3d131b5695abb34a6b7f12b6ff50b2d4d12a3425,static-text-scan-only,No claim of manual line-by-line review,installed mod package,keep,mods/sf-production-time/mod.json,Portable package; World Editor extension gains generic UI/command declarations,{}
mods/sf-production-time/src/mod.lua,source,31,0960f045f0a3f332af4f9ea7f7b0cea8f70fc2e2a7ecfe7707a0cd0705ef41e7,full-file-read,Full file contents inspected in current review,installed mod package,keep,mods/sf-production-time/src/mod.lua,Portable package; World Editor extension gains generic UI/command declarations,{}
mods/sf-unlimited-flight/.luarc.json,text-contract-doc-build,33,9226922b161f22c6b37a053c3d82c471c4223d94281e955a026313b96e803913,static-text-scan-only,No claim of manual line-by-line review,installed mod package,keep,mods/sf-unlimited-flight/.luarc.json,Portable package; World Editor extension gains generic UI/command declarations,{}
mods/sf-unlimited-flight/extended.mod.json,text-contract-doc-build,30,f1a8d501af8c9e58e01a167819ba671a8ded919fab798fc3378d96f3886a193c,static-text-scan-only,No claim of manual line-by-line review,installed mod package,keep,mods/sf-unlimited-flight/extended.mod.json,Portable package; World Editor extension gains generic UI/command declarations,{}
mods/sf-unlimited-flight/icon.svg,text-contract-doc-build,14,6977fc700e94fb7c4af01f964d53022b10ff0e97f6731d224fcb4786ed52799f,static-text-scan-only,No claim of manual line-by-line review,installed mod package,keep,mods/sf-unlimited-flight/icon.svg,Portable package; World Editor extension gains generic UI/command declarations,{}
mods/sf-unlimited-flight/mod.json,text-contract-doc-build,21,815b42e9ad02508dd78361fcf7865a32e43ff063192be587077b549e5d84452f,static-text-scan-only,No claim of manual line-by-line review,installed mod package,keep,mods/sf-unlimited-flight/mod.json,Portable package; World Editor extension gains generic UI/command declarations,{}
mods/sf-unlimited-flight/src/mod.lua,source,28,eac8a97aa57b6dff741ddd5dc62dcf7c36b234272939d595b9170a8a9b7124da,full-file-read,Full file contents inspected in current review,installed mod package,keep,mods/sf-unlimited-flight/src/mod.lua,Portable package; World Editor extension gains generic UI/command declarations,{}
mods/sf-unlock-blueprints/.luarc.json,text-contract-doc-build,33,9226922b161f22c6b37a053c3d82c471c4223d94281e955a026313b96e803913,static-text-scan-only,No claim of manual line-by-line review,installed mod package,keep,mods/sf-unlock-blueprints/.luarc.json,Portable package; World Editor extension gains generic UI/command declarations,{}
mods/sf-unlock-blueprints/extended.mod.json,text-contract-doc-build,17,7525f3091cc14c5bbc872f346c1d8e6915cd0995a0c69247ac8fa3a522a7abc6,static-text-scan-only,No claim of manual line-by-line review,installed mod package,keep,mods/sf-unlock-blueprints/extended.mod.json,Portable package; World Editor extension gains generic UI/command declarations,{}
mods/sf-unlock-blueprints/icon.svg,text-contract-doc-build,14,1a0f987802a1e0a457b46d163790c3ada1d8f3629fe18587af49870ab62a9d84,static-text-scan-only,No claim of manual line-by-line review,installed mod package,keep,mods/sf-unlock-blueprints/icon.svg,Portable package; World Editor extension gains generic UI/command declarations,{}
mods/sf-unlock-blueprints/mod.json,text-contract-doc-build,16,9e24d18879dd6ca3038813ade740266de94c5c3fb7b4452aae3c172f1687db8e,static-text-scan-only,No claim of manual line-by-line review,installed mod package,keep,mods/sf-unlock-blueprints/mod.json,Portable package; World Editor extension gains generic UI/command declarations,{}
mods/sf-unlock-blueprints/src/mod.lua,source,77,c583530eca68605a7775b41ddfc635bf689f8dce74e47de777f0e7e3d705f2a2,full-file-read,Full file contents inspected in current review,installed mod package,keep,mods/sf-unlock-blueprints/src/mod.lua,Portable package; World Editor extension gains generic UI/command declarations,{}
mods/world-editor/.luarc.json,text-contract-doc-build,33,9226922b161f22c6b37a053c3d82c471c4223d94281e955a026313b96e803913,static-text-scan-only,No claim of manual line-by-line review,installed mod package,keep,mods/world-editor/.luarc.json,Portable package; World Editor extension gains generic UI/command declarations,{}
mods/world-editor/README.md,text-contract-doc-build,56,9440ace9afa7c9b9ba9231a0df6c8d847e7d5c7e3f44d898155bbdbd03e458e4,static-text-scan-only,No claim of manual line-by-line review,installed mod package,keep,mods/world-editor/README.md,Portable package; World Editor extension gains generic UI/command declarations,"{""world_editor"": 1}"
mods/world-editor/extended.mod.json,text-contract-doc-build,435,5ed18f9345ea22528ab3b3b1eddf6e35a02f9b25dda30835fd7f9530ec76dd97,full-file-read,Full file contents inspected in current review,installed mod package,keep,mods/world-editor/extended.mod.json,Portable package; World Editor extension gains generic UI/command declarations,"{""world_editor"": 1}"
mods/world-editor/icon.svg,text-contract-doc-build,14,fa7b9f596ba483c17b23d0bf4c5c1bdf8e1f97abf441097adc87ca0bbe63f5db,static-text-scan-only,No claim of manual line-by-line review,installed mod package,keep,mods/world-editor/icon.svg,Portable package; World Editor extension gains generic UI/command declarations,{}
mods/world-editor/mod.json,text-contract-doc-build,17,f1003ecda41d3c52c75a4d0b6abea076aac6621e5737d9fc8e06665d4e4da371,full-file-read,Full file contents inspected in current review,installed mod package,keep,mods/world-editor/mod.json,Portable package; World Editor extension gains generic UI/command declarations,"{""world_editor"": 1}"
mods/world-editor/src/building_plan.lua,source,99,3c0279bc35567379f104eb351f9b128e8a6b523e7de011716f60a5498a10707f,static-text-scan-only,No claim of manual line-by-line review,installed mod package,keep,mods/world-editor/src/building_plan.lua,Portable package; World Editor extension gains generic UI/command declarations,{}
mods/world-editor/src/game_building.lua,source,327,2e56b6a55c7a8d9853ed658e6b11daec691af86108cb21f5797e233b1da4082e,static-text-scan-only,No claim of manual line-by-line review,installed mod package,keep,mods/world-editor/src/game_building.lua,Portable package; World Editor extension gains generic UI/command declarations,{}
mods/world-editor/src/mod.lua,source,2402,e12b0157401e71b8ce22e6b632076c0615ddbf22d71f66ac8906b0f0c1bedea6,selected-sections-read,"action registrations, lifecycle and state writer callsites",mod world-editor,split,mods/world-editor/src/mod.lua | mods/world-editor/src/commands.lua | mods/world-editor/src/selection.lua | mods/world-editor/src/library.lua | mods/world-editor/src/paste.lua | mods/world-editor/src/undo.lua,Lifecycle entrypoint delegates within same portable package,"{""world_editor"": 16}"
package-lock.json,text-contract-doc-build,10,b497dc517aaf4ec6c0b620e1f20a4dce3c4311ad020794bf509d8a12dc526e9d,static-text-scan-only,No claim of manual line-by-line review,repository infrastructure/resources,keep,package-lock.json,Update path consumers only when corresponding source moves,{}
package.json,text-contract-doc-build,11,561fc1e0de1064093544fa47a26ad0db1815432dc0ef222320452c089036e146,static-text-scan-only,No claim of manual line-by-line review,repository infrastructure/resources,keep,package.json,Update path consumers only when corresponding source moves,{}
src/bootstrap/windows/ShroudForge.Bootstrap.vcxproj,text-contract-doc-build,55,45ddbbb3bfb727f93082f8b9864695ca089903ca9d0bbdbe05a6f1e4c5d4a553,static-text-scan-only,No claim of manual line-by-line review,games/enshrouded/bootstrap,move-and-decouple,src/games/enshrouded/bootstrap/windows/ShroudForge.Bootstrap.vcxproj,Remove editor-specific process start/stop from bootstrap.cpp; generic runtime/control lifecycle only,{}
src/bootstrap/windows/bootstrap.cpp,source,614,6833fac5e8bfc9632a0b3bbe46d9fda70f4dd318723317a68f4d5d44d5e6ff8d,selected-sections-read,world editor launch/stop and runtime orchestration callsites,games/enshrouded/bootstrap,move-and-decouple,src/games/enshrouded/bootstrap/windows/bootstrap.cpp,Remove editor-specific process start/stop from bootstrap.cpp; generic runtime/control lifecycle only,"{""native_symbols"": 4, ""world_editor"": 22}"
src/bootstrap/windows/logging_config.h,source,56,2f067e055740519e64df082cceb85842dc48335edca2ae75a4d9c367daf7cd3e,static-text-scan-only,No claim of manual line-by-line review,games/enshrouded/bootstrap,move-and-decouple,src/games/enshrouded/bootstrap/windows/logging_config.h,Remove editor-specific process start/stop from bootstrap.cpp; generic runtime/control lifecycle only,{}
src/bootstrap/windows/runtime_bridge.cpp,source,48,db3cfe8f74abe9b12a44d0f4b2d5cbb787bcb45dd335c0f10f4b1c211494bfe3,static-text-scan-only,No claim of manual line-by-line review,games/enshrouded/bootstrap,move-and-decouple,src/games/enshrouded/bootstrap/windows/runtime_bridge.cpp,Remove editor-specific process start/stop from bootstrap.cpp; generic runtime/control lifecycle only,"{""kfc_access"": 2, ""native_symbols"": 9}"
src/bootstrap/windows/runtime_bridge.h,source,10,d36d150353db058bbb6690cff23267c88631583046e4b1ae3c9aae32552d1e88,static-text-scan-only,No claim of manual line-by-line review,games/enshrouded/bootstrap,move-and-decouple,src/games/enshrouded/bootstrap/windows/runtime_bridge.h,Remove editor-specific process start/stop from bootstrap.cpp; generic runtime/control lifecycle only,{}
src/bootstrap/windows/startup_gate.h,source,68,4c908af80a76a7a4d0a7a966e183b423d33d519f990e5a79ddc703cb7b8d42fe,static-text-scan-only,No claim of manual line-by-line review,games/enshrouded/bootstrap,move-and-decouple,src/games/enshrouded/bootstrap/windows/startup_gate.h,Remove editor-specific process start/stop from bootstrap.cpp; generic runtime/control lifecycle only,{}
src/bootstrap/windows/tests/run.ps1,source,31,cb4b0f8a0338887443656839121982d99de691d3a47ade4fc8d6ad0adce75e9b,static-text-scan-only,No claim of manual line-by-line review,games/enshrouded/bootstrap,move-and-decouple,src/games/enshrouded/bootstrap/windows/tests/run.ps1,Remove editor-specific process start/stop from bootstrap.cpp; generic runtime/control lifecycle only,{}
src/bootstrap/windows/tests/startup_gate_dll.cpp,source,28,ec0eed5fe6b5ba72f8ad1f0feab8ba3fd9fb2ebc5915f5da92a86ec3bc2d576e,static-text-scan-only,No claim of manual line-by-line review,games/enshrouded/bootstrap,move-and-decouple,src/games/enshrouded/bootstrap/windows/tests/startup_gate_dll.cpp,Remove editor-specific process start/stop from bootstrap.cpp; generic runtime/control lifecycle only,{}
src/bootstrap/windows/tests/startup_gate_exe.cpp,source,7,c743d7fb2a401f62a8a4ff6d34bb926fd5882148507e0a334e4436130670c8b0,static-text-scan-only,No claim of manual line-by-line review,games/enshrouded/bootstrap,move-and-decouple,src/games/enshrouded/bootstrap/windows/tests/startup_gate_exe.cpp,Remove editor-specific process start/stop from bootstrap.cpp; generic runtime/control lifecycle only,{}
src/bootstrap/windows/winmm_proxy.cpp,source,182,73cd9993842e5da033ce62ee59d585d8093d3ef79e5fb8a907a8e74d41f9f4b3,static-text-scan-only,No claim of manual line-by-line review,games/enshrouded/bootstrap,move-and-decouple,src/games/enshrouded/bootstrap/windows/winmm_proxy.cpp,Remove editor-specific process start/stop from bootstrap.cpp; generic runtime/control lifecycle only,{}
src/loader/Cargo.toml,text-contract-doc-build,38,905475ec5dec56c81cf6350716417f744291d7a6f3e3ae2f5c6549f98b2ea5ec,full-file-read,Full file contents inspected in current review,application build,split,src/apps/Cargo.toml | src/apps/game_runtime/Cargo.toml,Separate UI-capable host binaries from game runtime dependency graph; retain artifact names,"{""world_editor"": 1}"
src/loader/README.md,text-contract-doc-build,83,28afcb7379428e2e52b0219e9127ae6095a9392aed20c05f7b1de51e48f51045,full-file-read,Full file contents inspected in current review,core documentation,reconcile,src/core/README.md,Package/lifecycle description updated to final boundaries,{}
src/loader/api/Cargo.toml,text-contract-doc-build,41,98a485bf65b9047ce3b33adec8c28342fc164e2e59741478da49f125c2e19ca0,full-file-read,Full file contents inspected in current review,api,move,src/api/Cargo.toml,Public bindings depend on core and game adapter; preserve API tests,{}
src/loader/api/README.md,text-contract-doc-build,53,7d493daa1d35b3c37a8413bee085cf90dd500c5bee0c42664ad6624e9607a1d4,selected-sections-read,API contracts and generation claims,api,move,src/api/README.md,API crate and public semantics,{}
src/loader/api/build.rs,source,79,0ff6df78eb9e795eaeef1d3aee0714291183342d62456453bda260cd83809f6c,full-file-read,Full file contents inspected in current review,SDK build,replace,tools/sdk/build.rs,Explicit definition inputs; website and LuaLS derive from same real names,{}
src/loader/api/examples/inspect_attribute_resources.rs,source,102,ae714107663790b8d9e5e9928bf7b5ec4f2e701e0d8acac6b63b83ad71517af0,static-text-scan-only,No claim of manual line-by-line review,maintainer examples,move,tools/enshrouded/examples/inspect_attribute_resources.rs,Update Cargo example paths explicitly,"{""kfc_access"": 1}"
src/loader/api/examples/inspect_building_inputs.rs,source,79,d05cc624d55c64f3c7f8805866197efb225f437893613d2df699f867a3b14d35,static-text-scan-only,No claim of manual line-by-line review,maintainer examples,move,tools/enshrouded/examples/inspect_building_inputs.rs,Update Cargo example paths explicitly,"{""kfc_access"": 1}"
src/loader/api/src/alias.rs,source,12,22b6d97ab8f6ecb8bb960de5254ac1dcdce08a9e30c7e3bc0bcef92396943bc9,static-text-scan-only,No claim of manual line-by-line review,api,move,src/api/types.rs,KFC-aware mapped values are not generic core types,"{""kfc_access"": 6}"
src/loader/api/src/cache/io.rs,source,75,854053e1085111e26037205371462938dafb3c1a630ac6a55a6f942f90294dba,static-text-scan-only,No claim of manual line-by-line review,core/storage,move,src/core/storage/cache/io.rs,Cache invalidation and tracking service,{}
src/loader/api/src/cache/mod.rs,source,111,921fa01785322b0e75ffe89cfa328c73d1226d878ec7ea2b6f8c117db0b0bf52,static-text-scan-only,No claim of manual line-by-line review,core/storage,move,src/core/storage/cache/mod.rs,Cache invalidation and tracking service,{}
src/loader/api/src/cache/track.rs,source,100,eddef7450b9c2df084403052577cadca6cb21150f1b92418e423ecf2fe0c4bda,static-text-scan-only,No claim of manual line-by-line review,core/storage,move,src/core/storage/cache/track.rs,Cache invalidation and tracking service,{}
src/loader/api/src/definition/generator.rs,source,185,c959c9999de6f137a15bf7607ad1394f9efd5d6788f13afb53041cbff9253353,static-text-scan-only,No claim of manual line-by-line review,game-data export,move,src/games/enshrouded/assets/definitions/generator.rs,Game-derived type export stays distinct from stable public API declarations,"{""kfc_access"": 1}"
src/loader/api/src/definition/mod.rs,source,3,f91e873233d28e80f1de329db07a89c499461e2b1628b4f17033cb86c64e7419,static-text-scan-only,No claim of manual line-by-line review,game-data export,move,src/games/enshrouded/assets/definitions/mod.rs,Game-derived type export stays distinct from stable public API declarations,{}
src/loader/api/src/eml/mod.rs,source,1,24191681066d5cf6a3022ad59c1baa92b57e3ce7717bb78d6a682af9e19a38c4,static-text-scan-only,No claim of manual line-by-line review,api/eml,move,src/api/eml/mod.rs,Versioned EML namespace registration,{}
src/loader/api/src/eml/v1/definitions/assets/content.lua,source,16,5f931ee73ec4058de3f98b58035a8e11c3c704242bdc54c35f4be8a8ae6ba70d,static-text-scan-only,No claim of manual line-by-line review,SDK Lua contracts,move,sdk/lua/eml/v1/assets/content.lua,Actual public symbols preserved; generated reference uses these names,{}
src/loader/api/src/eml/v1/definitions/assets/manager.lua,source,90,4b1db953bc8447abfaac160d2d6562954d5a99f2a651a0fe689146ca6a27acf5,static-text-scan-only,No claim of manual line-by-line review,SDK Lua contracts,move,sdk/lua/eml/v1/assets/manager.lua,Actual public symbols preserved; generated reference uses these names,{}
src/loader/api/src/eml/v1/definitions/assets/resource.lua,source,13,663b193c4f538072fba4349acc76135966159145bba49eaa2caf19df2c01d822,static-text-scan-only,No claim of manual line-by-line review,SDK Lua contracts,move,sdk/lua/eml/v1/assets/resource.lua,Actual public symbols preserved; generated reference uses these names,{}
src/loader/api/src/eml/v1/definitions/blob/image.lua,source,111,b9ea6add9b0210b1f1c82774b2db3b9f9a0cf8831f21656ba48b7bf104b6a21d,static-text-scan-only,No claim of manual line-by-line review,SDK Lua contracts,move,sdk/lua/eml/v1/blob/image.lua,Actual public symbols preserved; generated reference uses these names,{}
src/loader/api/src/eml/v1/definitions/buffer.lua,source,488,fea889128245df0a82b320312c408ad9b444217df61796a329b450a7a76b699a,static-text-scan-only,No claim of manual line-by-line review,SDK Lua contracts,move,sdk/lua/eml/v1/buffer.lua,Actual public symbols preserved; generated reference uses these names,{}
src/loader/api/src/eml/v1/definitions/game.lua,source,11,d4fa8b6e512c49fb3de00db9f8a2a6b74427a8daf860f22d3fbb87d75020d448,static-text-scan-only,No claim of manual line-by-line review,SDK Lua contracts,move,sdk/lua/eml/v1/game.lua,Actual public symbols preserved; generated reference uses these names,{}
src/loader/api/src/eml/v1/definitions/global.lua,source,97,43ffcc28e2025ecb3e7a7f7a9cd4fed058f68ba75da06d92300b1072e7451712,static-text-scan-only,No claim of manual line-by-line review,SDK Lua contracts,move,sdk/lua/eml/v1/global.lua,Actual public symbols preserved; generated reference uses these names,{}
src/loader/api/src/eml/v1/definitions/guid.lua,source,24,4fa987b263110f3ca00566a4a89b1a957c411c62ade0f83e5c994ecfd3d2e3b5,static-text-scan-only,No claim of manual line-by-line review,SDK Lua contracts,move,sdk/lua/eml/v1/guid.lua,Actual public symbols preserved; generated reference uses these names,{}
src/loader/api/src/eml/v1/definitions/hash.lua,source,24,b348f92359a8a36cd5095c5dddf7af173a29d6c1f9af17756ab8ff74592baf7c,static-text-scan-only,No claim of manual line-by-line review,SDK Lua contracts,move,sdk/lua/eml/v1/hash.lua,Actual public symbols preserved; generated reference uses these names,{}
src/loader/api/src/eml/v1/definitions/integer.lua,source,2446,a5f175bd261a646db0cc893e27ad02d301dc21af8595887316f4e90ce0474c19,static-text-scan-only,No claim of manual line-by-line review,SDK Lua contracts,move,sdk/lua/eml/v1/integer.lua,Actual public symbols preserved; generated reference uses these names,{}
src/loader/api/src/eml/v1/definitions/io.lua,source,236,d573a724e634c70e21237c6148a1b921f6f4bf4139f438a2f475a7680c929358,static-text-scan-only,No claim of manual line-by-line review,SDK Lua contracts,move,sdk/lua/eml/v1/io.lua,Actual public symbols preserved; generated reference uses these names,{}
src/loader/api/src/eml/v1/definitions/loader.lua,source,24,1d597d3016152e4893e5a0498bb70c5175e9f0a2b30b73ff27db3910a6cbb9ee,static-text-scan-only,No claim of manual line-by-line review,SDK Lua contracts,move,sdk/lua/eml/v1/loader.lua,Actual public symbols preserved; generated reference uses these names,{}
src/loader/api/src/eml/v1/definitions/types.lua,source,150,54fab22aa1bdfd8e674109621b80a77cf6d2dd9bce2a4521c9f625c6460c231d,static-text-scan-only,No claim of manual line-by-line review,SDK Lua contracts,move,sdk/lua/eml/v1/types.lua,Actual public symbols preserved; generated reference uses these names,{}
src/loader/api/src/eml/v1/loader.rs,source,48,97955e08dba710135ae4f18bd620df47e8298a8a151b7989307f42d2b6c4fdb2,full-file-read,Full file contents inspected in current review,api/eml,move,src/api/eml/v1/loader.rs,Versioned EML namespace registration,{}
src/loader/api/src/eml/v1/mod.rs,source,3,c8f21c26ecbe90a01b597a542b6c2474efea6b3af8b1cc9c0e45421ad22b3151,full-file-read,Full file contents inspected in current review,api/eml,move,src/api/eml/v1/mod.rs,Versioned EML namespace registration,{}
src/loader/api/src/env/app_state.rs,source,1092,d685b072ea9e29241b563ab37c6627e8042c5a38e414b863ec0f4d9db5bd0cea,selected-sections-read,target/phase/native DLL boundaries (reference scan),core/runtime + games,split,src/core/runtime/context.rs | src/core/runtime/native_plugins.rs | src/games/enshrouded/assets/context.rs,"Separate loaded mod lifetime, native DLL lifetime and KFC state","{""kfc_access"": 1}"
src/loader/api/src/env/buffer.rs,source,487,764b73453a5740f4b764f5c3ce33772ef23edc0f911c3b3b828374b100e29a45,static-text-scan-only,No claim of manual line-by-line review,api/eml,move,src/api/eml/buffer.rs,Existing EML binding and value semantics preserved; state injected explicitly,{}
src/loader/api/src/env/buffer/error.rs,source,26,d175aa7e55482f2844d9b7700f4102e39343eef5ea516829481e739d0a3a13ea,static-text-scan-only,No claim of manual line-by-line review,api/eml,move,src/api/eml/buffer/error.rs,Existing EML binding and value semantics preserved; state injected explicitly,{}
src/loader/api/src/env/buffer/misc.rs,source,244,480457039c8161e7abe84aea4857925e56ae64e0430d95876cbd36ca6f813c4f,static-text-scan-only,No claim of manual line-by-line review,api/eml,move,src/api/eml/buffer/misc.rs,Existing EML binding and value semantics preserved; state injected explicitly,{}
src/loader/api/src/env/buffer/order.rs,source,42,a73be6bf1f6b94d491dc9989101472156731949f80c79cc882ebf671a8188bbe,static-text-scan-only,No claim of manual line-by-line review,api/eml,move,src/api/eml/buffer/order.rs,Existing EML binding and value semantics preserved; state injected explicitly,{}
src/loader/api/src/env/buffer/read.rs,source,204,8eff4de8bdc5c1b08456b05eef62dfde286716a8c5cfec1131a9fd209a0caca2,static-text-scan-only,No claim of manual line-by-line review,api/eml,move,src/api/eml/buffer/read.rs,Existing EML binding and value semantics preserved; state injected explicitly,{}
src/loader/api/src/env/buffer/write.rs,source,211,5b4cdb8a4b4c6546330517c2715d62fd242d1e4143b4b6cf8122cf63e1257fe0,static-text-scan-only,No claim of manual line-by-line review,api/eml,move,src/api/eml/buffer/write.rs,Existing EML binding and value semantics preserved; state injected explicitly,{}
src/loader/api/src/env/buffer_transform.rs,source,237,033cac71d04d763b3d8361c8fc36ff9d4a964abf85a29178d322919c29d3d767,static-text-scan-only,No claim of manual line-by-line review,api/eml,move,src/api/eml/buffer_transform.rs,Existing EML binding and value semantics preserved; state injected explicitly,{}
src/loader/api/src/env/game.rs,source,20,bff3d692163c7dca4b809f5568fe2fee6ee6f84ea622905f68740349d2d486e9,static-text-scan-only,No claim of manual line-by-line review,api/eml,move,src/api/eml/game.rs,Existing EML binding and value semantics preserved; state injected explicitly,{}
src/loader/api/src/env/game/assets.rs,source,225,a9635277be134a16b26dfb5068704a77b7eed599c95ae51bd22fddf089a84b6a,static-text-scan-only,No claim of manual line-by-line review,api/eml,move,src/api/eml/game/assets.rs,Existing EML binding and value semantics preserved; state injected explicitly,"{""kfc_access"": 1}"
src/loader/api/src/env/game/assets/content.rs,source,55,88d881e2d328b4c70b740ff3152b77c0e83cc050f1a7c070be80910a433358e7,static-text-scan-only,No claim of manual line-by-line review,api/eml,move,src/api/eml/game/assets/content.rs,Existing EML binding and value semantics preserved; state injected explicitly,"{""kfc_access"": 1}"
src/loader/api/src/env/game/assets/resource.rs,source,46,e3c48dd4e795e64cd395b55b0bfb30cd3165e6bb8e098a142247e7c1185280b0,static-text-scan-only,No claim of manual line-by-line review,api/eml,move,src/api/eml/game/assets/resource.rs,Existing EML binding and value semantics preserved; state injected explicitly,{}
src/loader/api/src/env/game/assets/value.rs,source,254,2e686a95ce07409e9cfa742993cddfd3ac5c115f90a955af3aaba23cc32150b0,static-text-scan-only,No claim of manual line-by-line review,api/eml,move,src/api/eml/game/assets/value.rs,Existing EML binding and value semantics preserved; state injected explicitly,"{""kfc_access"": 1}"
src/loader/api/src/env/game/assets/value/converter.rs,source,560,1721c3a6a1ad392f27d0bff68c980b4ed79f3d5702ebaee016fd2363a017673a,static-text-scan-only,No claim of manual line-by-line review,api/eml,move,src/api/eml/game/assets/value/converter.rs,Existing EML binding and value semantics preserved; state injected explicitly,"{""kfc_access"": 1}"
src/loader/api/src/env/game/assets/value/mapped.rs,source,758,fdbeb4cbad0ac2abd7a42e41ab3e89f9d1ae3d2c7de6f56d37490587dfb15bf7,static-text-scan-only,No claim of manual line-by-line review,api/eml,move,src/api/eml/game/assets/value/mapped.rs,Existing EML binding and value semantics preserved; state injected explicitly,"{""kfc_access"": 1}"
src/loader/api/src/env/game/assets/value/simple.rs,source,551,bfc72a4e37ce5a24cab1aec29ca9850018814678b95a753cf7aae6e9bd11027f,static-text-scan-only,No claim of manual line-by-line review,api/eml,move,src/api/eml/game/assets/value/simple.rs,Existing EML binding and value semantics preserved; state injected explicitly,"{""kfc_access"": 1}"
src/loader/api/src/env/game/assets/value/util.rs,source,54,3a8021bba3e92b931dea17fc5fb997c791570071338d18346c10135c7589a0d3,static-text-scan-only,No claim of manual line-by-line review,api/eml,move,src/api/eml/game/assets/value/util.rs,Existing EML binding and value semantics preserved; state injected explicitly,{}
src/loader/api/src/env/game/assets/value/validator.rs,source,735,f6706fa36383aa4882d7f2b2894e882143b4771e9a8288f460e60ab2d22ef0f5,static-text-scan-only,No claim of manual line-by-line review,api/eml,move,src/api/eml/game/assets/value/validator.rs,Existing EML binding and value semantics preserved; state injected explicitly,"{""kfc_access"": 1}"
src/loader/api/src/env/game/guid.rs,source,69,a760cdfae3015a1ab1c648f0ab1e62247629ee9e21aab16ba92c99f480747504,static-text-scan-only,No claim of manual line-by-line review,api/eml,move,src/api/eml/game/guid.rs,Existing EML binding and value semantics preserved; state injected explicitly,"{""kfc_access"": 1}"
src/loader/api/src/env/game/types.rs,source,518,a88af4257d1168cdcf408d1b20cb39a0567c1a7bd084990055597cfdc1b554a6,static-text-scan-only,No claim of manual line-by-line review,api/eml,move,src/api/eml/game/types.rs,Existing EML binding and value semantics preserved; state injected explicitly,"{""kfc_access"": 1}"
src/loader/api/src/env/hasher.rs,source,52,e70392ddf67e72f6f8e84d65dd9aa890a8850d86d6359a369e6ed6ed4a17f2be,static-text-scan-only,No claim of manual line-by-line review,api/eml,move,src/api/eml/hasher.rs,Existing EML binding and value semantics preserved; state injected explicitly,"{""kfc_access"": 1}"
src/loader/api/src/env/image.rs,source,104,55d612353580aac39a608efcbdf5f0bd5d4049dc64d0906c03c13ceba9cff020,static-text-scan-only,No claim of manual line-by-line review,api/eml,move,src/api/eml/image.rs,Existing EML binding and value semantics preserved; state injected explicitly,"{""kfc_access"": 4}"
src/loader/api/src/env/image/format.rs,source,45,b6817f6a77809b39530f9df771bf2884488b427e8cfda66a545d429c51312da9,static-text-scan-only,No claim of manual line-by-line review,api/eml,move,src/api/eml/image/format.rs,Existing EML binding and value semantics preserved; state injected explicitly,{}
src/loader/api/src/env/image/pixel_format.rs,source,175,a2d2ff640c71ad2b96a50bcf11bd16ae5c1a6c4863562a8372d1f6791cfac86b,static-text-scan-only,No claim of manual line-by-line review,api/eml,move,src/api/eml/image/pixel_format.rs,Existing EML binding and value semantics preserved; state injected explicitly,"{""kfc_access"": 1}"
src/loader/api/src/env/image/value.rs,source,154,61d5416720f8989ff500ecf54885d6b9e613297626c41a7f826092a8f7fc06e6,static-text-scan-only,No claim of manual line-by-line review,api/eml,move,src/api/eml/image/value.rs,Existing EML binding and value semantics preserved; state injected explicitly,{}
src/loader/api/src/env/integer.rs,source,330,d8cabf442c34938a2d2d4499680b449b01e0bb5e384d4a302568a8fe8cecd565,static-text-scan-only,No claim of manual line-by-line review,api/eml,move,src/api/eml/integer.rs,Existing EML binding and value semantics preserved; state injected explicitly,{}
src/loader/api/src/env/io.rs,source,426,dae5385d43ab2ae8abef94de1e98f59402be011908b0974c8639dc9e585a48f4,static-text-scan-only,No claim of manual line-by-line review,api/eml,move,src/api/eml/io.rs,Existing EML binding and value semantics preserved; state injected explicitly,{}
src/loader/api/src/env/loader.rs,source,3153,438e9a823c83d968f3c6c28ca42d3cb80cbc80f52b48d3270cfbbb6178a8e93d,selected-sections-read,226-430 availability and status;1951-2030 denial and native adapter boundary,api + games + core/runtime,split,src/api/shroudforge/runtime.rs | src/api/shroudforge/ecs.rs | src/api/shroudforge/world.rs | src/api/shroudforge/patch.rs | src/core/runtime/permissions.rs | src/games/enshrouded/runtime/bindings.rs,One availability evaluation; native ABI adapter owned by game integration,"{""cross_include"": 2, ""kfc_access"": 6, ""native_symbols"": 42}"
src/loader/api/src/env/log.rs,source,56,a663293b0bb813be5a0aaabdb8485df81cf386b9995625d285be74651cc33f80,static-text-scan-only,No claim of manual line-by-line review,api/eml,move,src/api/eml/log.rs,Existing EML binding and value semantics preserved; state injected explicitly,{}
src/loader/api/src/env/mod.rs,source,85,50206ba9c042d8a485176028f6886bc96ae8f2490979b8810a46e9e5bb2200f1,full-file-read,Full file contents inspected in current review,api,rewrite,src/api/register.rs,Register actual public names; no documentation-only aliases,"{""cross_include"": 1}"
src/loader/api/src/env/registry.rs,source,176,c8325615616d60360e8ace4897f4d3f140d9057d452e1499682a400a14602a5d,static-text-scan-only,No claim of manual line-by-line review,api/eml,move,src/api/eml/registry.rs,Existing EML binding and value semantics preserved; state injected explicitly,"{""kfc_access"": 4}"
src/loader/api/src/env/runtime_attributes.rs,source,508,664bb5caf593fbb10e9bf22e0d81c430cf2a3e769f8157e38dc0267513b5c0f5,static-text-scan-only,No claim of manual line-by-line review,api/shroudforge,move,src/api/shroudforge/attributes.rs,Runtime Lua bindings; shared policy and ABI client,"{""kfc_access"": 2}"
src/loader/api/src/env/runtime_building.rs,source,264,7352662caa085b7783b36c3977b735ccddbfacb36f3fac81aa03228a14eca01f,selected-sections-read,1-215: client building input and ownership; no server RPC,api/shroudforge,move,src/api/shroudforge/building.rs,Runtime Lua bindings; shared policy and ABI client,"{""kfc_access"": 1, ""native_symbols"": 5}"
src/loader/api/src/env/runtime_functions.rs,source,646,7d4a2e2727ff8d0c0046dc114800de381f8c0161e60ab26138040984672afd8f,static-text-scan-only,No claim of manual line-by-line review,api/shroudforge,move,src/api/shroudforge/functions.rs,Runtime Lua bindings; shared policy and ABI client,{}
src/loader/api/src/env/runtime_values.rs,source,197,e7e9dd7e06f8fb1d3572fb04beeb26b1567c10c772409e7b56d2f5f2de7c8356,static-text-scan-only,No claim of manual line-by-line review,api/shroudforge,move,src/api/shroudforge/values.rs,Runtime Lua bindings; shared policy and ABI client,"{""kfc_access"": 1}"
src/loader/api/src/env/table.rs,source,117,d4be6f79d97cf6cf9ad9fa988f74b501b4c7a4f0e1ea2f5dac7bb2b74fcb1aa6,static-text-scan-only,No claim of manual line-by-line review,api/eml,move,src/api/eml/table.rs,Existing EML binding and value semantics preserved; state injected explicitly,{}
src/loader/api/src/env/type_lookup.rs,source,102,5bd5ca908a212e0085a0d4a8654a518aca336602207b37f5ccdaae301b8a36d9,static-text-scan-only,No claim of manual line-by-line review,api/eml,move,src/api/eml/type_lookup.rs,Existing EML binding and value semantics preserved; state injected explicitly,"{""kfc_access"": 1}"
src/loader/api/src/env/util.rs,source,164,468bd566b224a7fce2c9c7a5fed861f284ae47e193ccea1948a186cf41d4f589,static-text-scan-only,No claim of manual line-by-line review,api/eml,move,src/api/eml/util.rs,Existing EML binding and value semantics preserved; state injected explicitly,"{""kfc_access"": 1}"
src/loader/api/src/lib.rs,source,1249,bbfba3a6ef020c9e87d4c0f8055b1c7651c2c28fd55cdf5398b0ad434a79bd8f,selected-sections-read,661-785: lifecycle tick and reload request; entrypoint references,api + core/runtime + games,split,src/api/lib.rs | src/core/runtime/session.rs | src/games/enshrouded/assets/execute.rs,"Separate public facade, lifecycle, asset execution",{}
src/loader/api/src/load.rs,source,483,01be4ce7281ff2e99d4dcfa930bf097aaeb0fb48673015aac3384c225988f6d6,static-text-scan-only,No claim of manual line-by-line review,games/enshrouded/assets,move,src/games/enshrouded/assets/load.rs,KFC IO and companion backup coordination,"{""kfc_access"": 1}"
src/loader/api/src/log.rs,source,73,555654446071162ded96c7143b6e49d10b204872997f47f3af85d88e2199f613,static-text-scan-only,No claim of manual line-by-line review,core,merge,src/core/logging.rs,Preserve level and target semantics,{}
src/loader/api/src/lua/args.rs,source,102,bba76d7318a904f3c28bb1b85a92c67e0d8a84d2a14c8e74d235cf20424567b3,static-text-scan-only,No claim of manual line-by-line review,core/runtime,move-and-decouple,src/core/runtime/lua/args.rs,Move game userdata conversions to API values; no KFC dependency in core,{}
src/loader/api/src/lua/cast.rs,source,446,eb6cc670ea26c1b0c5a498aba5a6a15ab6d061c8d5835cf15e131e08e9e40dc4,static-text-scan-only,No claim of manual line-by-line review,core/runtime + api,split,src/core/runtime/lua/cast.rs | src/api/values.rs,Generic Lua conversions stay independent of game userdata,{}
src/loader/api/src/lua/error.rs,source,119,46bc7bee7fa5683927112a4c51ce14d03bca378b1d5d5793b36003794eddd28c,static-text-scan-only,No claim of manual line-by-line review,core/runtime,move-and-decouple,src/core/runtime/lua/error.rs,Move game userdata conversions to API values; no KFC dependency in core,{}
src/loader/api/src/lua/mod.rs,source,171,e46ad9f72bf93ab0adf80220309c64d4dee4c0e7d1871d42c4e53a1c18f5f2b3,static-text-scan-only,No claim of manual line-by-line review,core/runtime,move-and-decouple,src/core/runtime/lua/mod.rs,Move game userdata conversions to API values; no KFC dependency in core,{}
src/loader/api/src/runner/mod.rs,source,116,a737f193d40b65d171e80dc2782365b29b428b42a247d2b9ad3f49d8f806f5f5,full-file-read,Full file contents inspected in current review,core/runtime,move-and-decouple,src/core/runtime/runner/mod.rs,Generic Lua lifecycle; API registration injected by application composition,{}
src/loader/api/src/runner/state.rs,source,214,bd440f36df8a4816d1319c9550d0cfc209381f6aa3bc5a294a39fcac8d78e86f,full-file-read,Full file contents inspected in current review,core/runtime,move-and-decouple,src/core/runtime/runner/state.rs,Generic Lua lifecycle; API registration injected by application composition,{}
src/loader/api/src/runtime_resolution/attributes.rs,source,397,29011bbdebc8e9c4d7e803449c4621da4a8120113427fbe454903e6cbbb7dff6,static-text-scan-only,No claim of manual line-by-line review,games/enshrouded/runtime,move,src/games/enshrouded/runtime/resolution/attributes.rs,Game reflection/runtime layout resolution,"{""kfc_access"": 1}"
src/loader/api/src/runtime_resolution/calculation.rs,source,267,f29828c08e475548aca13e8cf7ecc2db3d1a1b8086a895d8a4600e30b41b0e04,static-text-scan-only,No claim of manual line-by-line review,games/enshrouded/runtime,move,src/games/enshrouded/runtime/resolution/calculation.rs,Game reflection/runtime layout resolution,{}
src/loader/api/src/runtime_resolution/mod.rs,source,4,523fd80e6efa508d5f21bcf600f5cb98894bc56891371b5b223dd264ed6b8c08,static-text-scan-only,No claim of manual line-by-line review,games/enshrouded/runtime,move,src/games/enshrouded/runtime/resolution/mod.rs,Game reflection/runtime layout resolution,{}
src/loader/api/src/runtime_resolution/types.rs,source,44,b1eb101bb81c4fe87467727f1ef12bcd4d9cf8db51b627035bae794b9b6652e2,static-text-scan-only,No claim of manual line-by-line review,games/enshrouded/runtime,move,src/games/enshrouded/runtime/resolution/types.rs,Game reflection/runtime layout resolution,"{""kfc_access"": 1}"
src/loader/api/src/shroudforge/v1/definitions/runtime.lua,source,490,6e6f2bbde2b65f6a98baad995b8aebdf7b4a179b625d699fa519295ba93047f6,static-text-scan-only,No claim of manual line-by-line review,SDK Lua contracts,move,sdk/lua/shroudforge/v1/runtime.lua,Actual public symbols preserved; generated reference uses these names,{}
src/loader/api/src/shroudforge/v1/definitions/shroudforge.lua,source,51,57d261186f8026bb841fda3980610ef2efe95a76ba78fe8580a640a71a634b90,static-text-scan-only,No claim of manual line-by-line review,SDK Lua contracts,move,sdk/lua/shroudforge/v1/shroudforge.lua,Actual public symbols preserved; generated reference uses these names,{}
src/loader/api/src/shroudforge/v1/runtime-operations.json,text-contract-doc-build,27,1157ad44f4c073302b9b8578a0005f68e95b2c76ea5d388c50ffe4abc558ff3a,static-text-scan-only,No claim of manual line-by-line review,SDK operation contracts,move,sdk/operations/runtime-operations.json,"Operation identity, support requirements and documentation metadata",{}
src/loader/api/src/shroudforge/v1/runtime-operations.schema.json,text-contract-doc-build,21,e8b62c3729727d94201179ca99097cbaee5b9be319c61c090b6a37f843043a91,static-text-scan-only,No claim of manual line-by-line review,SDK operation contracts,move,sdk/operations/runtime-operations.schema.json,"Operation identity, support requirements and documentation metadata",{}
src/loader/api/src/shroudforge/v1/shroudforge.rs,source,320,4a266b1b536b9a3eb0582f4da66b27f73167f761e55e28f3edfd555d217f8d0d,full-file-read,Full file contents inspected in current review,api,split,src/api/shroudforge/settings.rs | src/api/shroudforge/commands.rs | src/api/shroudforge/input.rs | src/api/shroudforge/notifications.rs,Delegate actions to common control/runtime boundary; preserve Lua compatibility,{}
src/loader/api/src/util/mod.rs,source,7,6b35b301048c80e3e1ec1a46f2af92445776c75bc5d6c647bf993ef3b1a1404e,static-text-scan-only,No claim of manual line-by-line review,api shared bindings,move,src/api/util/mod.rs,Binding-specific helpers; do not move domain rules into generic utilities,{}
src/loader/api/src/util/readonly.rs,source,159,ca1a1062651346ff7436381c0dcb45d148d491cba94463af165c57b6fa49bb2a,static-text-scan-only,No claim of manual line-by-line review,api shared bindings,move,src/api/util/readonly.rs,Binding-specific helpers; do not move domain rules into generic utilities,{}
src/loader/api/src/util/require_path.rs,source,76,4d43ae9ee388ce7afe62c614fa996e40a8d06681ff0079aa2888360c9def2fd1,static-text-scan-only,No claim of manual line-by-line review,api shared bindings,move,src/api/util/require_path.rs,Binding-specific helpers; do not move domain rules into generic utilities,{}
src/loader/api/src/util/type_name.rs,source,46,91773d6fa9591cd0c056f44deb598edd619f79ea53a2539e1b0935cf14a37f7c,static-text-scan-only,No claim of manual line-by-line review,api shared bindings,move,src/api/util/type_name.rs,Binding-specific helpers; do not move domain rules into generic utilities,{}
src/loader/api/tests/production_time.rs,source,250,6946079d8a401b4a246003d4e97a7f260f2f5c0a3599a07ad74820cb86d0e070,static-text-scan-only,No claim of manual line-by-line review,API regression tests,move,src/api/tests/production_time.rs,Keep Rust integration harness and Lua fixture pairing,"{""kfc_access"": 1}"
src/loader/api/tests/world_editor_building.lua,source,237,235b378d32704c7d0998eed56050330222533b5ae63db2520cac227e58e3d417,static-text-scan-only,No claim of manual line-by-line review,API regression tests,move,src/api/tests/world_editor_building.lua,Keep Rust integration harness and Lua fixture pairing,{}
src/loader/api/tests/world_editor_building.rs,source,101,0023f9bafd1d3730335d18d3b11c6d30e9aab34012b8a878daac4f3b48527c42,static-text-scan-only,No claim of manual line-by-line review,API regression tests,move,src/api/tests/world_editor_building.rs,Keep Rust integration harness and Lua fixture pairing,"{""world_editor"": 7}"
src/loader/api/tests/world_editor_save_progress.lua,source,105,8fd1d4caf32a0669489c8d7c31f09575a032077ef72308742e1ab55daa795f6e,static-text-scan-only,No claim of manual line-by-line review,API regression tests,move,src/api/tests/world_editor_save_progress.lua,Keep Rust integration harness and Lua fixture pairing,"{""world_editor"": 2}"
src/loader/compatibility/Cargo.toml,text-contract-doc-build,10,b208857cac1ededf3a596bdde5c947582565a3b62ef5391044e5078059a1ec65,static-text-scan-only,No claim of manual line-by-line review,games/enshrouded,merge,src/games/enshrouded/Cargo.toml,Game build support with game adapter,{}
src/loader/compatibility/README.md,text-contract-doc-build,26,94d2d42c9172c9b7fcbc94952855914468ad1968835af6be36001f06dae27336,static-text-scan-only,No claim of manual line-by-line review,game support documentation,move,src/games/enshrouded/compatibility.md,Game build support differs from mod conflicts,"{""kfc_access"": 1}"
src/loader/compatibility/src/lib.rs,source,116,fe9abfb6a0540a5b351b81215f420f6a85bb35583cfecd9eb5c0f11574cdd6b1,full-file-read,Full file contents inspected in current review,games/enshrouded,move,src/games/enshrouded/compatibility.rs,Build support is game-specific; capability and readiness evaluated separately,{}
src/loader/modules/README.md,text-contract-doc-build,48,5759de34460dec25133192ddab256cf5aaffc8ffe9b52433a44f5bfdd0985dba,static-text-scan-only,No claim of manual line-by-line review,module documentation,move,src/modules/README.md,Define built-in modules and explicitly separate installed mods,"{""world_editor"": 2}"
src/loader/modules/commands/Cargo.toml,text-contract-doc-build,15,9f4e8907dd987c3f2aa20672fa69f838bbdef39d0fe3f8cb2a7d475f8f0cb13e,static-text-scan-only,No claim of manual line-by-line review,core/control,retire,src/core/Cargo.toml,Remove placeholder crate,{}
src/loader/modules/commands/module.json,text-contract-doc-build,8,80a4d4ce96a3bbf397f1a7c61f6c48d16329bfd1dd694b9536cbe550f37b444d,static-text-scan-only,No claim of manual line-by-line review,apps,retire,src/apps/compose.rs,Explicit built-in registration,{}
src/loader/modules/commands/src/lib.rs,source,4,e74333d274a33f4f843eea4b464bd0151ba3e92615cc143cd07550c0bcad4c16,full-file-read,Full file contents inspected in current review,core/control,retire,src/core/control/mod.rs,No separate commands feature crate,{}
src/loader/modules/commands/src/main.rs,source,45,f0fc591e297059efc9fa62711f8eb5eac7e66d54e303420a1deafa288eeb0c41,full-file-read,Full file contents inspected in current review,core/control + apps,replace,src/core/control/router.rs | src/apps/cli.rs,Status-only stub replaced by real shared command interface,{}
src/loader/modules/debug-console/Cargo.toml,text-contract-doc-build,26,a448bb37918a8c29a3dc268dc83b569c59693aea436297aa11f9d860b9ff0325,static-text-scan-only,No claim of manual line-by-line review,modules/logs,move-and-decouple,src/modules/logs/Cargo.toml,Log feature and view; generic windows from ui_host,{}
src/loader/modules/debug-console/module.json,text-contract-doc-build,10,e48231f64280ef98bf2c5f4ae09f7afd1a7307ed4a5a2c52b7d2623ac40adf00,static-text-scan-only,No claim of manual line-by-line review,modules/logs,move-and-decouple,src/modules/logs/module.json,Log feature and view; generic windows from ui_host,{}
src/loader/modules/debug-console/src/lib.rs,source,4,e74333d274a33f4f843eea4b464bd0151ba3e92615cc143cd07550c0bcad4c16,static-text-scan-only,No claim of manual line-by-line review,modules/logs,move-and-decouple,src/modules/logs/lib.rs,Log feature and view; generic windows from ui_host,{}
src/loader/modules/debug-console/src/main.rs,source,583,2666823f162bcb702b0eff45c4d21fa32a15f1f22c9c0ca069cc828fd9f7e4f3,static-text-scan-only,No claim of manual line-by-line review,modules/logs,move-and-decouple,src/modules/logs/main.rs,Log feature and view; generic windows from ui_host,"{""cross_include"": 4}"
src/loader/modules/debug-console/ui/app.ts,source,159,01c53b143911ed0faca16bee9f33e4e1128d44500e303f3e8ab5ff037d55eeb7,static-text-scan-only,No claim of manual line-by-line review,modules/logs,move-and-decouple,src/modules/logs/ui/app.ts,Log feature and view; generic windows from ui_host,{}
src/loader/modules/debug-console/ui/index.html,source,48,54c3b690c9f9b70fcfbba47ae3b5960cf13bee854fca95752fa1fd400f3e25e5,static-text-scan-only,No claim of manual line-by-line review,modules/logs,move-and-decouple,src/modules/logs/ui/index.html,Log feature and view; generic windows from ui_host,{}
src/loader/modules/debug-console/ui/styles.css,source,4,3c3ac312e0131c17d37b5865a9efc09a244e1e5c11dbfa3a1b6f0a854b06a157,static-text-scan-only,No claim of manual line-by-line review,modules/logs,move-and-decouple,src/modules/logs/ui/styles.css,Log feature and view; generic windows from ui_host,{}
src/loader/modules/modloader-ui/Cargo.toml,text-contract-doc-build,41,211c0549b03515e68b2523ea16325ae8ba3348ee163ef416650481097a4a1fa4,static-text-scan-only,No claim of manual line-by-line review,application build,merge,src/apps/Cargo.toml,Window host dependency separate from game runtime; UI exports no installer,{}
src/loader/modules/modloader-ui/module.json,text-contract-doc-build,25,4e26fada53559fdb6d581b11a29df63ee00267c8b46b215e7ef6fcd81a536fa9,static-text-scan-only,No claim of manual line-by-line review,composition/docs,update-or-retire,src/loader/modules/modloader-ui/module.json,Remove old nesting after code ownership migration; update all workspace and build consumers,{}
src/loader/modules/modloader-ui/src/lib.rs,source,4,acf62598245d8c042d6e183cdc93a154b9b344c803250fb76c329458cfc6b234,static-text-scan-only,No claim of manual line-by-line review,apps,replace,src/apps/desktop.rs,Thin desktop host facade; no install worker exported by UI,{}
src/loader/modules/modloader-ui/src/main.rs,source,5454,d9d81a4cd87fc7d1d57925933be66995b490f7699c64df836429a455626cebe4,selected-sections-read,3076-3145;3429-3588;3906-4002;5098-5238 plus command/install callsites,apps + core + modules/updater,split,src/apps/desktop.rs | src/core/ui_host/window.rs | src/core/control/router.rs | src/core/settings/store.rs | src/core/mods/commands.rs | src/modules/updater/github_releases.rs | src/modules/updater/shroudedit_catalog.rs | src/modules/updater/install_mod.rs,Business logic and controllers leave UI crate,"{""control_config"": 6, ""cross_include"": 2, ""world_editor"": 2}"
src/loader/modules/modloader-ui/ui/dist/index.html,generated,35,2438526edd99a7d1a24bb20666a27bd65e7406c5be43480982e7fe4fc23ec7f7,inventory-only,No claim of manual line-by-line review,generated frontend,regenerate,src/apps/desktop/ui/dist/index.html,Build output; never hand-refactor,{}
src/loader/modules/modloader-ui/ui/index.html,source,12,415757023681015f1c7ea84d8d241225c304a2afa4c7ba3505d44e5789736aa1,static-text-scan-only,No claim of manual line-by-line review,desktop frontend,move,src/apps/desktop/ui/index.html,Translations split by owner where moved panels need them; keep locale coverage,{}
src/loader/modules/modloader-ui/ui/package-lock.json,text-contract-doc-build,1226,920523267d782bb498c0a62ef1d01460d4abf353e583d639a7c9fac527061890,static-text-scan-only,No claim of manual line-by-line review,desktop frontend,move,src/apps/desktop/ui/package-lock.json,Translations split by owner where moved panels need them; keep locale coverage,{}
src/loader/modules/modloader-ui/ui/package.json,text-contract-doc-build,25,b75602c275ac686da166eadd8e492e7e366d65f3b5223103f6376e8317b2a2ec,static-text-scan-only,No claim of manual line-by-line review,desktop frontend,move,src/apps/desktop/ui/package.json,Translations split by owner where moved panels need them; keep locale coverage,{}
src/loader/modules/modloader-ui/ui/scripts/check-locales.mjs,source,40,f58477459f4c1b027efdb709d971b32df752c89d46a6a4c59abaa507d942704e,static-text-scan-only,No claim of manual line-by-line review,desktop frontend,move,src/apps/desktop/ui/scripts/check-locales.mjs,Translations split by owner where moved panels need them; keep locale coverage,{}
src/loader/modules/modloader-ui/ui/scripts/generate-flags.mjs,source,19,f85ff22cc252d7b7af497d8b84f70c742e06a188592e71d3d917211a296b38a3,static-text-scan-only,No claim of manual line-by-line review,desktop frontend,move,src/apps/desktop/ui/scripts/generate-flags.mjs,Translations split by owner where moved panels need them; keep locale coverage,{}
src/loader/modules/modloader-ui/ui/src/generated-flags.ts,generated,6,d57188fcc9ab0ad631125000a7d736de365a3ccf154e1c17ebd0cc9c6f8bd441,inventory-only,No claim of manual line-by-line review,desktop frontend,move,src/apps/desktop/ui/src/generated-flags.ts,Translations split by owner where moved panels need them; keep locale coverage,{}
src/loader/modules/modloader-ui/ui/src/i18n.tsx,source,66,db10065faeded5d097c61b07cbb23bee91ce8a3f4128d61e7701ef410f01c4db,static-text-scan-only,No claim of manual line-by-line review,desktop frontend,move,src/apps/desktop/ui/src/i18n.tsx,Translations split by owner where moved panels need them; keep locale coverage,{}
src/loader/modules/modloader-ui/ui/src/links/codeberg.svg,text-contract-doc-build,2,ff0d3de9d71cefc73a44918369825df2754d9efcf6adfb81257c4bc35d8ccec7,static-text-scan-only,No claim of manual line-by-line review,SDK UI metadata,move,sdk/web/links/codeberg.svg,Share link definitions and icon rendering with website preview,{}
src/loader/modules/modloader-ui/ui/src/links/github.svg,text-contract-doc-build,2,dad76fda4e1dcc88b59bc6d4da56ad6bafb73d6476eac9c755c395095633dc87,static-text-scan-only,No claim of manual line-by-line review,SDK UI metadata,move,sdk/web/links/github.svg,Share link definitions and icon rendering with website preview,{}
src/loader/modules/modloader-ui/ui/src/links/gitlab.svg,text-contract-doc-build,2,504d9de432f9ec33a22d3cdc0c17e57f2c1119b2e6f220c936719fe30f38c3e4,static-text-scan-only,No claim of manual line-by-line review,SDK UI metadata,move,sdk/web/links/gitlab.svg,Share link definitions and icon rendering with website preview,{}
src/loader/modules/modloader-ui/ui/src/links/issues.json,text-contract-doc-build,7,6e02995200a3bf2ad03a10434d59bf17244acf85bacb7bd62fd15e4fc1aed00d,static-text-scan-only,No claim of manual line-by-line review,SDK UI metadata,move,sdk/web/links/issues.json,Share link definitions and icon rendering with website preview,{}
src/loader/modules/modloader-ui/ui/src/links/issues.svg,text-contract-doc-build,2,7929f86bcb202019f6094dfe2ad42025a3d6044cdb1f4c3651e04a73fdbdb4fe,static-text-scan-only,No claim of manual line-by-line review,SDK UI metadata,move,sdk/web/links/issues.svg,Share link definitions and icon rendering with website preview,{}
src/loader/modules/modloader-ui/ui/src/links/order.json,text-contract-doc-build,17,1a9f617e8e095699130f16184d9b534c3e0d37076d0edf6cc26c682321426a35,static-text-scan-only,No claim of manual line-by-line review,SDK UI metadata,move,sdk/web/links/order.json,Share link definitions and icon rendering with website preview,{}
src/loader/modules/modloader-ui/ui/src/links/source-codeberg.json,text-contract-doc-build,7,a5bbed700b021fb73e38f8b730d49f2bf6f6966630d1876fac19919dbda3ac4a,static-text-scan-only,No claim of manual line-by-line review,SDK UI metadata,move,sdk/web/links/source-codeberg.json,Share link definitions and icon rendering with website preview,{}
src/loader/modules/modloader-ui/ui/src/links/source-github.json,text-contract-doc-build,7,0d43d78e3e72621e3c2d8663af7d967a2c7dd62a30c0c6cdea365bd7d71c24e2,static-text-scan-only,No claim of manual line-by-line review,SDK UI metadata,move,sdk/web/links/source-github.json,Share link definitions and icon rendering with website preview,{}
src/loader/modules/modloader-ui/ui/src/links/source-gitlab.json,text-contract-doc-build,7,5316e85837efd69b1c341b535d5cce237558296b8887dbc2eff0cac9b5117d5c,static-text-scan-only,No claim of manual line-by-line review,SDK UI metadata,move,sdk/web/links/source-gitlab.json,Share link definitions and icon rendering with website preview,{}
src/loader/modules/modloader-ui/ui/src/links/source.json,text-contract-doc-build,7,2b3a980aeccd4e2b60c1d2bee13a1c046b581a4bc92c2fd1d0dfa309d269f3e6,static-text-scan-only,No claim of manual line-by-line review,SDK UI metadata,move,sdk/web/links/source.json,Share link definitions and icon rendering with website preview,{}
src/loader/modules/modloader-ui/ui/src/links/source.svg,text-contract-doc-build,2,ff8b923320d41f0d99e4880efc055b181d94c593c5c7a656084e714dec1900a6,static-text-scan-only,No claim of manual line-by-line review,SDK UI metadata,move,sdk/web/links/source.svg,Share link definitions and icon rendering with website preview,{}
src/loader/modules/modloader-ui/ui/src/links/store.json,text-contract-doc-build,7,8c3e50823fae760c1ae95891b5d190a2a380c15de5f1afac331922acf8be160e,static-text-scan-only,No claim of manual line-by-line review,SDK UI metadata,move,sdk/web/links/store.json,Share link definitions and icon rendering with website preview,{}
src/loader/modules/modloader-ui/ui/src/links/store.svg,text-contract-doc-build,2,237ebf6374af189da150cd9173c2fd663839727694dd3a301c7ba7ced086a2bb,static-text-scan-only,No claim of manual line-by-line review,SDK UI metadata,move,sdk/web/links/store.svg,Share link definitions and icon rendering with website preview,{}
src/loader/modules/modloader-ui/ui/src/links/support-bmac.json,text-contract-doc-build,7,40b31ec9ee278facbc887345c9df633d45c09d0adc1175bf9984e1381fcd7b50,static-text-scan-only,No claim of manual line-by-line review,SDK UI metadata,move,sdk/web/links/support-bmac.json,Share link definitions and icon rendering with website preview,{}
src/loader/modules/modloader-ui/ui/src/links/support-bmac.svg,text-contract-doc-build,2,5cd4247296c7e012a0419d1f559e64c99a54830c64f5000aa1ab6e78033be0d1,static-text-scan-only,No claim of manual line-by-line review,SDK UI metadata,move,sdk/web/links/support-bmac.svg,Share link definitions and icon rendering with website preview,{}
src/loader/modules/modloader-ui/ui/src/links/support-github.json,text-contract-doc-build,7,4e645b2638abb4b50ed4273ae266631dd11f06fb1b2c636d606f4596e10c3d74,static-text-scan-only,No claim of manual line-by-line review,SDK UI metadata,move,sdk/web/links/support-github.json,Share link definitions and icon rendering with website preview,{}
src/loader/modules/modloader-ui/ui/src/links/support-github.svg,text-contract-doc-build,2,dad76fda4e1dcc88b59bc6d4da56ad6bafb73d6476eac9c755c395095633dc87,static-text-scan-only,No claim of manual line-by-line review,SDK UI metadata,move,sdk/web/links/support-github.svg,Share link definitions and icon rendering with website preview,{}
src/loader/modules/modloader-ui/ui/src/links/support-ko-fi.json,text-contract-doc-build,7,d1a2332089ca78b58cca91913cda28424bbc1f7a6ebf78bbe9ff46cb2dba4482,static-text-scan-only,No claim of manual line-by-line review,SDK UI metadata,move,sdk/web/links/support-ko-fi.json,Share link definitions and icon rendering with website preview,{}
src/loader/modules/modloader-ui/ui/src/links/support-ko-fi.svg,text-contract-doc-build,2,9245b0ba18a89faaeda416e7a67d508dc55ea5e9bff87b2a5714a9aaa6f5fad1,static-text-scan-only,No claim of manual line-by-line review,SDK UI metadata,move,sdk/web/links/support-ko-fi.svg,Share link definitions and icon rendering with website preview,{}
src/loader/modules/modloader-ui/ui/src/links/support-open-collective.json,text-contract-doc-build,7,e29a76947a762b596195a72ddb3f0fafb33ae5f2e8f157f7088ba37d06c0f7cc,static-text-scan-only,No claim of manual line-by-line review,SDK UI metadata,move,sdk/web/links/support-open-collective.json,Share link definitions and icon rendering with website preview,{}
src/loader/modules/modloader-ui/ui/src/links/support-open-collective.svg,text-contract-doc-build,2,a59a36dab7e675244c35aef2b44248714251921db3b8010c687f1d1591177278,static-text-scan-only,No claim of manual line-by-line review,SDK UI metadata,move,sdk/web/links/support-open-collective.svg,Share link definitions and icon rendering with website preview,{}
src/loader/modules/modloader-ui/ui/src/links/support-other.json,text-contract-doc-build,7,30268acdce39e73c0c9e990672dcecdd5e78d9780319bb3ef4dc3456750a5d64,static-text-scan-only,No claim of manual line-by-line review,SDK UI metadata,move,sdk/web/links/support-other.json,Share link definitions and icon rendering with website preview,{}
src/loader/modules/modloader-ui/ui/src/links/support-other.svg,text-contract-doc-build,2,2444ae29a56ca2c5746b73b7a272f738084d0298d83566045e8ca041a25ed22d,static-text-scan-only,No claim of manual line-by-line review,SDK UI metadata,move,sdk/web/links/support-other.svg,Share link definitions and icon rendering with website preview,{}
src/loader/modules/modloader-ui/ui/src/links/support-patreon.json,text-contract-doc-build,7,4e8d62722984f4c485c4df5a29795147df1e0494301028d083cdfb4e7f67f5ca,static-text-scan-only,No claim of manual line-by-line review,SDK UI metadata,move,sdk/web/links/support-patreon.json,Share link definitions and icon rendering with website preview,{}
src/loader/modules/modloader-ui/ui/src/links/support-patreon.svg,text-contract-doc-build,2,9664c2c0ac91a8fbd645e0e40cfd4f787c248531d9b5a96f1f2c5f9f2f8d73cf,static-text-scan-only,No claim of manual line-by-line review,SDK UI metadata,move,sdk/web/links/support-patreon.svg,Share link definitions and icon rendering with website preview,{}
src/loader/modules/modloader-ui/ui/src/links/support-paypal.json,text-contract-doc-build,7,54c0b66c057f656854fdffebd65ce157cbae115909bffd95b21e71456750a99c,static-text-scan-only,No claim of manual line-by-line review,SDK UI metadata,move,sdk/web/links/support-paypal.json,Share link definitions and icon rendering with website preview,{}
src/loader/modules/modloader-ui/ui/src/links/support-paypal.svg,text-contract-doc-build,2,fa704a92a22e03b6d65694c9b66899ccc3cb63e47369c8fb2d6c4a2abeb16efb,static-text-scan-only,No claim of manual line-by-line review,SDK UI metadata,move,sdk/web/links/support-paypal.svg,Share link definitions and icon rendering with website preview,{}
src/loader/modules/modloader-ui/ui/src/links/website.json,text-contract-doc-build,7,5e5d80315c8afbe7c4087422c04bfbeee7bc3c3fb88ddffd9ab13d26a83df9e3,static-text-scan-only,No claim of manual line-by-line review,SDK UI metadata,move,sdk/web/links/website.json,Share link definitions and icon rendering with website preview,{}
src/loader/modules/modloader-ui/ui/src/links/website.svg,text-contract-doc-build,2,f22a79bf59cbb5ac49047187413a8369876b34bfc10a4712aef7a319da10d7a1,static-text-scan-only,No claim of manual line-by-line review,SDK UI metadata,move,sdk/web/links/website.svg,Share link definitions and icon rendering with website preview,{}
src/loader/modules/modloader-ui/ui/src/links/wiki.json,text-contract-doc-build,7,839e3c11a6539035ce310c62c1ec5b0dee4f4ac8a671fffadc9509298e125bb5,static-text-scan-only,No claim of manual line-by-line review,SDK UI metadata,move,sdk/web/links/wiki.json,Share link definitions and icon rendering with website preview,{}
src/loader/modules/modloader-ui/ui/src/links/wiki.svg,text-contract-doc-build,2,210d8f5375f64d84aad021703cd62bacb897574f6ba72d0c1227a056fbef05f1,static-text-scan-only,No claim of manual line-by-line review,SDK UI metadata,move,sdk/web/links/wiki.svg,Share link definitions and icon rendering with website preview,{}
src/loader/modules/modloader-ui/ui/src/locales/de.json,text-contract-doc-build,551,ba31eb30bcf3f4a056b908d362eb879a4c0622567678813f88a43203f40cb2b2,static-text-scan-only,No claim of manual line-by-line review,desktop frontend,move,src/apps/desktop/ui/src/locales/de.json,Translations split by owner where moved panels need them; keep locale coverage,"{""world_editor"": 2}"
src/loader/modules/modloader-ui/ui/src/locales/en.json,text-contract-doc-build,551,f412d581dd4f54d3f4a6c574698640d0dd01fd64e0b637cf253716ccf18dd86c,static-text-scan-only,No claim of manual line-by-line review,desktop frontend,move,src/apps/desktop/ui/src/locales/en.json,Translations split by owner where moved panels need them; keep locale coverage,"{""world_editor"": 2}"
src/loader/modules/modloader-ui/ui/src/main.tsx,source,579,018284b8c557c821be0959b4fe7b4ab4ab4de6a2054c9165caacb851610357db,selected-sections-read,world editor focus/settings hardcodes and command calls,desktop + feature panels + SDK UI,split,src/apps/desktop/ui/src/App.tsx | src/modules/updater/ui/UpdaterPanel.tsx | src/modules/diagnostics/ui/DiagnosticsPanel.tsx | sdk/web/ModSettings.tsx | sdk/web/ModPreview.tsx,Reuse updater panel in both windows; remove hardcoded world-editor route and settings lists,"{""world_editor"": 8}"
src/loader/modules/modloader-ui/ui/src/styles.css,source,177,7e5125c824991f10daff4608f6cbbd2ea74093df503fdccd940e1497008853ec,static-text-scan-only,No claim of manual line-by-line review,desktop + SDK UI,split,src/apps/desktop/ui/src/styles.css | sdk/web/styles.css | src/modules/updater/ui/styles.css,Feature styles owned with feature; preserve visual behavior,{}
src/loader/modules/modloader-ui/ui/src/vite-env.d.ts,source,8,ba62b59dccff04a1b7c1a86a4e4ccfe0c75b47d3a8a37a7476a4f32a8150a648,static-text-scan-only,No claim of manual line-by-line review,desktop frontend,move,src/apps/desktop/ui/src/vite-env.d.ts,Translations split by owner where moved panels need them; keep locale coverage,{}
src/loader/modules/modloader-ui/ui/tsconfig.json,text-contract-doc-build,20,44efc7c82fd458eaa9d7945d2680d9fedd53944ff8fa4650b2797d599acf0b74,static-text-scan-only,No claim of manual line-by-line review,desktop frontend,move,src/apps/desktop/ui/tsconfig.json,Translations split by owner where moved panels need them; keep locale coverage,{}
src/loader/modules/modloader-ui/ui/vite.config.ts,source,14,b2da17612a2abc026de8b10a3c360c72dfb5ceef25d99ea16bc296ed26746f97,static-text-scan-only,No claim of manual line-by-line review,desktop frontend,move,src/apps/desktop/ui/vite.config.ts,Translations split by owner where moved panels need them; keep locale coverage,{}
src/loader/modules/runtime-diagnostics/Cargo.toml,text-contract-doc-build,18,d91a0601ac1fe182649bbfaa093f33a1aaaa2240951364e31919d18590055ded,static-text-scan-only,No claim of manual line-by-line review,modules/diagnostics,move-and-decouple,src/modules/diagnostics/Cargo.toml,Observe core runtime via explicit observer hook; no core dependency on module implementation,{}
src/loader/modules/runtime-diagnostics/README.md,text-contract-doc-build,52,c1be6b5b6178012d5d84b0a1608fec54f9dc9e407a431b79da099bef444fe471,static-text-scan-only,No claim of manual line-by-line review,modules/diagnostics,move-and-decouple,src/modules/diagnostics/README.md,Observe core runtime via explicit observer hook; no core dependency on module implementation,{}
src/loader/modules/runtime-diagnostics/diagnostics-status.schema.json,text-contract-doc-build,10,d72e3fac4481770af71434155873a5c1d64c6d91f4a95956017dafa31e93312e,static-text-scan-only,No claim of manual line-by-line review,modules/diagnostics,move-and-decouple,src/modules/diagnostics/diagnostics-status.schema.json,Observe core runtime via explicit observer hook; no core dependency on module implementation,{}
src/loader/modules/runtime-diagnostics/module.json,text-contract-doc-build,6,f4bcd25bff570e04bcb5374b7c170ed278b694fd76a6504144f038a6f18a0b62,static-text-scan-only,No claim of manual line-by-line review,modules/diagnostics,move-and-decouple,src/modules/diagnostics/module.json,Observe core runtime via explicit observer hook; no core dependency on module implementation,{}
src/loader/modules/runtime-diagnostics/src/lib.rs,source,414,d20bf20a6db6664a6448657c86af944a6efb60045db64578da83a4722099108a,static-text-scan-only,No claim of manual line-by-line review,modules/diagnostics,move-and-decouple,src/modules/diagnostics/lib.rs,Observe core runtime via explicit observer hook; no core dependency on module implementation,"{""kfc_access"": 1, ""native_symbols"": 2}"
src/loader/modules/runtime-diagnostics/src/main.rs,source,30,618ea26161c979d55fabc38bff828c7a77c3cf621084d80f0291441cfdb11d34,static-text-scan-only,No claim of manual line-by-line review,modules/diagnostics,move-and-decouple,src/modules/diagnostics/main.rs,Observe core runtime via explicit observer hook; no core dependency on module implementation,{}
src/loader/modules/ui-shared/tokens.css,source,87,7501c0f430de60f6032dda435879654ec7fdb256d2e395d10a4546d85fea28b0,static-text-scan-only,No claim of manual line-by-line review,SDK UI,move,sdk/web/tokens.css,One theme source consumed by supported host UI,{}
src/loader/modules/updater/Cargo.toml,text-contract-doc-build,29,d642afb6e97a727a93798a4f564a0d1c4c90586f1dcdc8fcca977426807f7ad2,static-text-scan-only,No claim of manual line-by-line review,modules/updater,move,src/modules/updater/Cargo.toml,Feature library and commands; executable entry in apps,{}
src/loader/modules/updater/src/bin.rs,source,50,53b55e962aa55d970aafaff310db64849229dd8de8077d26f79dc6d362d553e2,static-text-scan-only,No claim of manual line-by-line review,apps,move,src/apps/updater.rs,Same updater EXE name; explicit worker/CLI role,{}
src/loader/modules/updater/src/lib.rs,source,13,adf149da8fc6fb71d9c6d59288242de9331911206ad4c9ce90d18722ca451d7f,full-file-read,Full file contents inspected in current review,modules/updater,move,src/modules/updater/mod.rs,Typed feature commands and results,{}
src/loader/modules/updater/src/main.rs,source,2673,ba11aabbca3f4ee84fc20d8cdb1963f4a50b1b1395ae2dd14107cf6e44ad25c8,selected-sections-read,1261-1814: headless controller and duplicate release fetching; queue/worker callsites,modules/updater + core/control,split,src/modules/updater/github_releases.rs | src/modules/updater/download.rs | src/modules/updater/queue.rs | src/modules/updater/install_system.rs | src/modules/updater/worker.rs | src/core/control/service.rs,Remove duplicate UI/headless release fetch and updater-owned general admin controller,"{""control_config"": 3}"
src/loader/modules/world-editor-ui/Cargo.toml,text-contract-doc-build,36,ff15fafe3a767b0edd23d0483e4377f8f7bc9e6bcc4c8830809db0c4d67fd342,full-file-read,Full file contents inspected in current review,core/ui_host,retire,src/core/ui_host/Cargo.toml,Reusable native UI dependencies belong to generic host; no World Editor crate,"{""world_editor"": 1}"
src/loader/modules/world-editor-ui/module.json,text-contract-doc-build,9,434b239a35c9a620c7f2aad2c1d16fda0af7d32ad0db74c8fbe08cb27d2feccc,full-file-read,Full file contents inspected in current review,mod world-editor,migrate,mods/world-editor/extended.mod.json,UI view/hotkey descriptor belongs to installed mod,"{""world_editor"": 2}"
src/loader/modules/world-editor-ui/src/lib.rs,source,4,e74333d274a33f4f843eea4b464bd0151ba3e92615cc143cd07550c0bcad4c16,full-file-read,Full file contents inspected in current review,mod world-editor,retire,mods/world-editor/extended.mod.json,Generic UI declaration replaces feature-specific crate export,{}
src/loader/modules/world-editor-ui/src/main.rs,source,1425,8aa916a162e2f496525e60b18215c7b88379ee560797209a735ff971496505c0,selected-sections-read,UI host/embedded assets callsites;561-770 fallback renderer;882-996 view state;1261-end cover operations/action IPC,mod world-editor + core/ui_host,split-and-remove-crate,mods/world-editor/ui/app.js | mods/world-editor/src/library.lua | mods/world-editor/src/covers.lua | src/core/ui_host/window.rs | src/core/ui_host/files.rs | src/core/ui_host/images.rs,Eliminate hardcoded blueprint/state paths and duplicate Rust DOM renderer; only generic native host operations remain,"{""cross_include"": 4, ""world_editor"": 45}"
src/loader/modules/world-editor-ui/ui/index.html,source,138,4df60bc37f002efd883f760a7d85c205765b3f38752b1501c9cf48831b888811,static-text-scan-only,No claim of manual line-by-line review,mod world-editor,move,mods/world-editor/ui/index.html,Load from installed directory/ZIP package; script moves to adjacent app.js,"{""world_editor"": 9}"
src/loader/modules/world-editor-ui/ui/styles.css,source,94,1005c6758580b54eee23cb83018bc0e05daaba18675a09b6a44a13aa5ab2c4a2,static-text-scan-only,No claim of manual line-by-line review,mod world-editor,move,mods/world-editor/ui/styles.css,Ship inside mod package,{}
src/loader/package/Cargo.toml,text-contract-doc-build,28,6faf8671c6d06f0d779c05cbddaa74995cbedc9d033a7494b6f0ee62555d5a4c,full-file-read,Full file contents inspected in current review,core,merge,src/core/Cargo.toml,Headless core; generic UI host is a separate dependent crate,{}
src/loader/package/src/alias.rs,source,4,c837ef2aad75c6b9b3db8bb254adff970cacfbaa066d9791971c891b32e3db1d,static-text-scan-only,No claim of manual line-by-line review,core,move,src/core/paths.rs,UTF-8 path utilities,{}
src/loader/package/src/backups.rs,source,397,7d0513a4f38c1d3ebd19723945d1ee7ddb19d611a25fd4c0e5dfd076a3fa4bbd,static-text-scan-only,No claim of manual line-by-line review,games/enshrouded/assets,move,src/games/enshrouded/assets/backups.rs,Game-specific original/restore policy,{}
src/loader/package/src/compatibility.rs,source,47,23887e46149d6d6e0df96cb43db32d85a963020e9120c58af38d9559d5109ce5,full-file-read,Full file contents inspected in current review,core/mods,rename,src/core/mods/conflicts.rs,Mod conflict policy; distinct from game-build support,{}
src/loader/package/src/compatibility/rules.json,text-contract-doc-build,4,f4f31e2f9e8858dd31011d529024e3040709e91c3f81e79a47c33921aa92a17e,static-text-scan-only,No claim of manual line-by-line review,core/mods,move,src/core/mods/conflicts/rules.json,Conflict definitions stay beside conflict evaluator,{}
src/loader/package/src/compatibility/rules.schema.json,text-contract-doc-build,19,9a00ec604abae803389ca17cbb3914f843382247ec6757c096dfcd0a31e7434a,static-text-scan-only,No claim of manual line-by-line review,core/mods,move,src/core/mods/conflicts/rules.schema.json,Conflict definitions stay beside conflict evaluator,{}
src/loader/package/src/config.rs,source,429,95fb72c1682566b925321e464decb3cdacdae63363509aacb2a744b185da2c30,selected-sections-read,schema dispatch; named window requests; state and config storage,core/settings + core/control + core/ui_host,split,src/core/settings/store.rs | src/core/storage/json.rs | src/core/control/legacy_config.rs | src/core/ui_host/state.rs,Remove world-editor-specific functions; schemas supplied by owners,"{""cross_include"": 3, ""world_editor"": 4}"
src/loader/package/src/config/loader.default.json,text-contract-doc-build,258,56a16d55808fac133e42c4e46120b9ad2d7eb8a3ac98aa06f3a45f96acbe2b4d,full-file-read,Full file contents inspected in current review,module and app contracts,generate,sdk/generated/loader.default.json,Generate from owner settings descriptors; keep installed config filename,"{""world_editor"": 1}"
src/loader/package/src/config/loader.schema.json,text-contract-doc-build,1002,3d075c1ba18dcd789aa062bf232e1582ce18a19e00c72e39dbcca4e109fabba7,static-text-scan-only,No claim of manual line-by-line review,module and app contracts,generate,sdk/generated/loader.schema.json,Compose schemas from module contracts; core contains no worldEditor key,"{""world_editor"": 1}"
src/loader/package/src/env.rs,source,406,9dd15c7cc000b65673bdacdfb7ed04a6dd18d22976c96c04aa21f245c826148d,selected-sections-read,1-320: target/dependency and runtime-candidate planning,core/mods,split,src/core/mods/discover.rs | src/core/mods/plan.rs,One normalized candidate/dependency plan; lifecycle consumes result,{}
src/loader/package/src/error.rs,source,82,796b00ea524fd7f31f81236eec247abd96048e74fe20cc8f34ab038baae264c4,static-text-scan-only,No claim of manual line-by-line review,core/mods,move,src/core/mods/error.rs,Typed import/plan errors,{}
src/loader/package/src/lib.rs,source,17,468debd72e6b19a8a2bc4cdfd985a77cb71d5b763e4aac22e53f683b3628d916,static-text-scan-only,No claim of manual line-by-line review,core/mods,replace,src/core/mods/mod.rs,Public internal facade; migrate imports explicitly,{}
src/loader/package/src/log.rs,source,30,e65a52b11354b22e8d9e4363faadf1ba85f44e00b7027c86657cae16d0ebf0a8,static-text-scan-only,No claim of manual line-by-line review,core,merge,src/core/logging.rs,Logging policy in one owner,{}
src/loader/package/src/logging.rs,source,317,02cd62800faafa4144be1f6d03e8a8893a0016819336f2bb47d97d1652270c66,static-text-scan-only,No claim of manual line-by-line review,core,merge,src/core/logging.rs,File logging and tracing integration,{}
src/loader/package/src/news.rs,source,174,07c1d30babab24320cb1789953abd7180507d9de3bb7a576cec65de2f91f7436,static-text-scan-only,No claim of manual line-by-line review,core,move,src/core/notifications.rs,Shared events and read-state store,{}
src/loader/package/src/news/event-schema.json,text-contract-doc-build,14,4843fb2548f4605ec187394e405b6e39f2c42396d2f793a98f04e951b52b2556,static-text-scan-only,No claim of manual line-by-line review,notifications,move,sdk/schema/notifications/event-schema.json,Authored notices distinct from generated notification/read state,{}
src/loader/package/src/news/events-state-schema.json,text-contract-doc-build,5,815b48a4adc0a9a21c4c7c73757dd31138eeb668798e063eaa9b68b0eedcf19b,static-text-scan-only,No claim of manual line-by-line review,notifications,move,sdk/schema/notifications/events-state-schema.json,Authored notices distinct from generated notification/read state,{}
src/loader/package/src/news/news-schema.json,text-contract-doc-build,39,a271f9e7f16861910ade7984ab65458b764c3137f7b43b74b0d8800b4015e007,static-text-scan-only,No claim of manual line-by-line review,notifications,move,sdk/schema/notifications/news-schema.json,Authored notices distinct from generated notification/read state,{}
src/loader/package/src/news/news.json,text-contract-doc-build,78,d47d66b0a56ad7a7d6c2cba1cc35839ade3746aeda13ff24ddd0cd5a76322145,static-text-scan-only,No claim of manual line-by-line review,notifications,move,content/news.json,Authored notices distinct from generated notification/read state,{}
src/loader/package/src/news/read-state-schema.json,text-contract-doc-build,10,c8f542022c0fd67e532b1825c433d669168a7c1c7d39310a193646cbf1e31cc7,static-text-scan-only,No claim of manual line-by-line review,notifications,move,sdk/schema/notifications/read-state-schema.json,Authored notices distinct from generated notification/read state,{}
src/loader/package/src/paths.rs,source,123,136954ae506adf1c51cd55f31cf560946143519d2daef2577fcd8f31d5650901,static-text-scan-only,No claim of manual line-by-line review,core/storage,move,src/core/storage/paths.rs,Preserve installed paths and explicit configuration overrides,"{""kfc_access"": 1}"
src/loader/package/src/prepared.rs,source,110,4f7c1f2af614ee74ceacd514d00962de6e1ad800ff99694102c2a33433f932fa,static-text-scan-only,No claim of manual line-by-line review,games/enshrouded/assets,move,src/games/enshrouded/assets/fingerprint.rs,Prepared asset identity and invalidation,{}
src/loader/package/src/prepared.schema.json,text-contract-doc-build,25,a616dec50cc0824e941d81d2ff502a027c101f5459f3643c67836b035ae43d5e,static-text-scan-only,No claim of manual line-by-line review,games/enshrouded/assets,move,src/games/enshrouded/assets/prepared.schema.json,One owner for persisted asset state,{}
src/loader/package/src/registry/extended.mod.schema.json,text-contract-doc-build,97,97f75823cf927614a7c85af334e735711888cc10144e84c91de5cf6bec56083a,static-text-scan-only,No claim of manual line-by-line review,SDK contracts,move,sdk/schema/extended-mod-v1.schema.json,Keep existing v1 wire contract; introduce v2 separately,{}
src/loader/package/src/registry/fs.rs,source,454,f331a2c66a7dd0dbe4e400191f0875cde01fad511e233a147bd18488798a5388,static-text-scan-only,No claim of manual line-by-line review,core/mods,move,src/core/mods/files.rs,Package-scoped directory/ZIP access including UI assets,{}
src/loader/package/src/registry/manifest.rs,source,197,e5792d25baded8cfdfe7d39d6274715e89603b9d9e9aa44e88fa2df19066da53,full-file-read,Full file contents inspected in current review,core/mods,move,src/core/mods/model.rs,"Normalized package model, targets and capability declarations",{}
src/loader/package/src/registry/manifest.schema.json,text-contract-doc-build,101,970a7cdbdc21669f27990bbba78203bb2d23a5cf3bef824919ab42680dfb8192,static-text-scan-only,No claim of manual line-by-line review,SDK contracts,move,sdk/schema/mod.schema.json,Canonical EML manifest schema; old published URL remains supported,{}
src/loader/package/src/registry/manifest_reader.rs,source,540,9ed1cf4a202f968d0e18dc30c3eb6e2fd82550d0735218bb795a6de1f1477c80,selected-sections-read,1-165: recursive Lua scanning and setting apply inference,core/mods,split,src/core/mods/import.rs | src/core/mods/compat/eml_v1.rs | src/core/mods/compat/extension_v1.rs,Legacy inference isolated; new declarations explicit,{}
src/loader/package/src/registry/mod.rs,source,310,7f822c9accb91a41abed490f933413351281ab4ae5757d8ce4ef9b6565f50cc1,static-text-scan-only,No claim of manual line-by-line review,core/mods,move,src/core/mods/registry.rs,Package discovery and stable package identity,{}
src/loader/package/src/status.rs,source,469,d7678a60ff5a5d7ad26b3a131f892abeb86348da30aa5b06fde5e55b9aee2700,static-text-scan-only,No claim of manual line-by-line review,core/mods + app composition,split,src/core/mods/status.rs | src/apps/desktop/snapshot.rs,Authoritative statuses consumed by UI; composition without re-evaluating business rules,"{""world_editor"": 1}"
src/loader/package/src/status/catalog.schema.json,text-contract-doc-build,10,778240db9262bdfe013e58f9d55e2bd0c036729aa8bb12922d1095fe41182036,static-text-scan-only,No claim of manual line-by-line review,state contracts,move,sdk/schema/state/catalog.schema.json,Window schema becomes generic namespaced view IDs; migration preserves old fields,{}
src/loader/package/src/status/loader.schema.json,text-contract-doc-build,20,1eafc56a64577498ed2d09f37fd1c75a0a9244a9ff4f15a4c928215e9364cdd0,static-text-scan-only,No claim of manual line-by-line review,state contracts,move,sdk/schema/state/loader.schema.json,Window schema becomes generic namespaced view IDs; migration preserves old fields,{}
src/loader/package/src/status/mods.schema.json,text-contract-doc-build,5,815b48a4adc0a9a21c4c7c73757dd31138eeb668798e063eaa9b68b0eedcf19b,static-text-scan-only,No claim of manual line-by-line review,state contracts,move,sdk/schema/state/mods.schema.json,Window schema becomes generic namespaced view IDs; migration preserves old fields,{}
src/loader/package/src/status/runtime-mod.schema.json,text-contract-doc-build,12,845631d8052086789639789071c1d28782a5529aa613535bf5b23bcada971309,static-text-scan-only,No claim of manual line-by-line review,state contracts,move,sdk/schema/state/runtime-mod.schema.json,Window schema becomes generic namespaced view IDs; migration preserves old fields,{}
src/loader/package/src/status/updates.schema.json,text-contract-doc-build,13,9906f7b34d64aa5cd502304c8aeae37842cd30c94d58da7e57340baec3245501,static-text-scan-only,No claim of manual line-by-line review,state contracts,move,sdk/schema/state/updates.schema.json,Window schema becomes generic namespaced view IDs; migration preserves old fields,{}
src/loader/package/src/status/windows.schema.json,text-contract-doc-build,25,13dbb39c6cc6cd8d8b59e0bce97d1d4e7645b4872b032e15e5cf45db20e6c650,static-text-scan-only,No claim of manual line-by-line review,state contracts,move,sdk/schema/state/windows.schema.json,Window schema becomes generic namespaced view IDs; migration preserves old fields,"{""world_editor"": 2}"
src/loader/runtime/.gitignore,text-contract-doc-build,8,f8edd9e89d161a0658147d7abd945a48981bddb2138f8e49c8cbde89b75ffadb,static-text-scan-only,No claim of manual line-by-line review,composition/docs,update-or-retire,src/loader/runtime/.gitignore,Remove old nesting after code ownership migration; update all workspace and build consumers,{}
src/loader/runtime/native/CMakeLists.txt,text-contract-doc-build,158,6245a2810fbae0926064e1e27a387b973113a3ff59b8cf2886f1a9b5e79a5dc1,static-text-scan-only,No claim of manual line-by-line review,games/enshrouded/runtime,move,src/games/enshrouded/runtime/native/CMakeLists.txt,Preserve C ABI and verified hooks; no editor workflow here,"{""kfc_access"": 55, ""native_symbols"": 1}"
src/loader/runtime/native/ecs/component_registry.h,source,169,f9a7aeca0f9f959b56aaa03f4513c3c0bd733bb2f1e19d412860182dfde5eec5,static-text-scan-only,No claim of manual line-by-line review,games/enshrouded/runtime,move,src/games/enshrouded/runtime/native/ecs/component_registry.h,Preserve C ABI and verified hooks; no editor workflow here,{}
src/loader/runtime/native/ecs/ecs_runtime.cpp,source,1700,daeed4c4a9bcc58acfc7292b243240abb270bf679c2349d1af25cc9a3b465e38,static-text-scan-only,No claim of manual line-by-line review,games/enshrouded/runtime,move,src/games/enshrouded/runtime/native/ecs/ecs_runtime.cpp,Preserve C ABI and verified hooks; no editor workflow here,"{""native_symbols"": 82}"
src/loader/runtime/native/ecs/ecs_runtime.h,source,22,38d1a3583263bb8d10e3437ff06f64445c55a0fa9efdc2a9f29a43bc974f4004,static-text-scan-only,No claim of manual line-by-line review,games/enshrouded/runtime,move,src/games/enshrouded/runtime/native/ecs/ecs_runtime.h,Preserve C ABI and verified hooks; no editor workflow here,"{""native_symbols"": 1}"
src/loader/runtime/native/game-thread/dispatcher.cpp,source,572,58b4a820074f7c9efa8c1acbc313f86730884a2c637b91335ac22e283c4399a3,static-text-scan-only,No claim of manual line-by-line review,games/enshrouded/runtime,move,src/games/enshrouded/runtime/native/game-thread/dispatcher.cpp,Preserve C ABI and verified hooks; no editor workflow here,"{""native_symbols"": 26}"
src/loader/runtime/native/game-thread/dispatcher.h,source,28,df46afcf9514866e31445f15a79fb52c1f1d94e02b1beb5d7ace9c20dd99e2de,static-text-scan-only,No claim of manual line-by-line review,games/enshrouded/runtime,move,src/games/enshrouded/runtime/native/game-thread/dispatcher.h,Preserve C ABI and verified hooks; no editor workflow here,{}
src/loader/runtime/native/json,dependency-submodule,,,dependency-boundary-only,"Pinned dependency, not line-by-line reviewed",third-party dependency,relocate-submodule,vendor/json,Preserve upstream revision and CMake include path,
src/loader/runtime/native/patch/patch_runtime.cpp,source,272,b4dc55eff900ec737ead2131ea6f57b7ee9fd6167f680589440cc2d30d7fc7ae,static-text-scan-only,No claim of manual line-by-line review,games/enshrouded/runtime,move,src/games/enshrouded/runtime/native/patch/patch_runtime.cpp,Preserve C ABI and verified hooks; no editor workflow here,"{""native_symbols"": 3}"
src/loader/runtime/native/patch/patch_runtime.h,source,12,9aee1dc09bdadb2ffaa5ed9087e410b855c21cc11c953f057e030ad16774ab85,static-text-scan-only,No claim of manual line-by-line review,games/enshrouded/runtime,move,src/games/enshrouded/runtime/native/patch/patch_runtime.h,Preserve C ABI and verified hooks; no editor workflow here,{}
src/loader/runtime/native/provider/function_inventory.h,source,211,c59694514d6b1c07a87eb9afd055a268c2ba089643d2e43b65ec15d07ab483b6,static-text-scan-only,No claim of manual line-by-line review,games/enshrouded/runtime,move,src/games/enshrouded/runtime/native/provider/function_inventory.h,Preserve C ABI and verified hooks; no editor workflow here,"{""native_symbols"": 1}"
src/loader/runtime/native/provider/profile.cpp,source,402,18bbb4f2e5a6aef3145f25720fc26120777024a39b0fb88104ad78bbcf921cb4,static-text-scan-only,No claim of manual line-by-line review,games/enshrouded/runtime,move,src/games/enshrouded/runtime/native/provider/profile.cpp,Preserve C ABI and verified hooks; no editor workflow here,"{""native_symbols"": 2}"
src/loader/runtime/native/provider/profile.h,source,61,6339090df35e5adc686fdba77e23e69e424e236f8b56cc43c10b4db43ed74418,static-text-scan-only,No claim of manual line-by-line review,games/enshrouded/runtime,move,src/games/enshrouded/runtime/native/provider/profile.h,Preserve C ABI and verified hooks; no editor workflow here,"{""native_symbols"": 1}"
src/loader/runtime/native/provider/provider.cpp,source,67,eff094a333d2697b964916a4d0a3aec989bfb307783b7ba5ec74ec35116a572b,static-text-scan-only,No claim of manual line-by-line review,games/enshrouded/runtime,move,src/games/enshrouded/runtime/native/provider/provider.cpp,Preserve C ABI and verified hooks; no editor workflow here,"{""native_symbols"": 8}"
src/loader/runtime/native/runtime.h,source,152,7b05f9f5bef09a341ab1d154f496400a766f67f0534d74f6bc74b50200dff6de,full-file-read,Full file contents inspected in current review,games/enshrouded/runtime,move,src/games/enshrouded/runtime/native/runtime.h,Preserve C ABI and verified hooks; no editor workflow here,"{""native_symbols"": 59}"
src/loader/runtime/native/world/building_input.cpp,source,180,32afc8e9f7f86db1d617e7c37d08311eb640356c41852b03a6ef00faabf587bd,static-text-scan-only,No claim of manual line-by-line review,games/enshrouded/runtime,move,src/games/enshrouded/runtime/native/world/building_input.cpp,Preserve C ABI and verified hooks; no editor workflow here,"{""native_symbols"": 5}"
src/loader/runtime/native/world/building_input.h,source,9,6fcccdf2c01314115f5d9f7a85581e84ca4f956252b8f3e35f1447eb7d75adaf,static-text-scan-only,No claim of manual line-by-line review,games/enshrouded/runtime,move,src/games/enshrouded/runtime/native/world/building_input.h,Preserve C ABI and verified hooks; no editor workflow here,{}
src/loader/runtime/native/world/world_runtime.cpp,source,990,cd14bddc879c7a9df2c25f95276299fff802a6c327f49fe0909d129780ec9df6,static-text-scan-only,No claim of manual line-by-line review,games/enshrouded/runtime,move,src/games/enshrouded/runtime/native/world/world_runtime.cpp,Preserve C ABI and verified hooks; no editor workflow here,"{""native_symbols"": 34}"
src/loader/runtime/native/world/world_runtime.h,source,33,bdc391aeeee48e1ab95cdac0a819df1dc5259b7a710b7a3e4599631f4ac6108a,static-text-scan-only,No claim of manual line-by-line review,games/enshrouded/runtime,move,src/games/enshrouded/runtime/native/world/world_runtime.h,Preserve C ABI and verified hooks; no editor workflow here,"{""native_symbols"": 1}"
src/loader/runtime/profile-tools/dev/DISCOVERY.md,binary,,37b5b23c7e04fcea1c1d07eee23f6fe4fae3d7f0ec371439807e1c8a763bef0b,inventory-only,No claim of manual line-by-line review,maintainer tooling,move,tools/enshrouded/DISCOVERY.md,Investigation tooling is not production runtime or public API,{}
src/loader/runtime/profile-tools/dev/README.md,text-contract-doc-build,188,8b94b1d4a95fbfceb49ab30c793f0fd2abcaf6e251dcebb1e8d7edd7f8f44aa0,static-text-scan-only,No claim of manual line-by-line review,maintainer tooling,move,tools/enshrouded/README.md,Investigation tooling is not production runtime or public API,"{""kfc_access"": 18, ""native_symbols"": 1}"
src/loader/runtime/profile-tools/dev/examples/registry-overview.lua,source,41,e260262d51ccd49cca966564f9b2abd96dd044a7338254d5551d6bb93d7c38b3,static-text-scan-only,No claim of manual line-by-line review,maintainer tooling,move,tools/enshrouded/examples/registry-overview.lua,Investigation tooling is not production runtime or public API,{}
src/loader/runtime/profile-tools/dev/function-catalogs/enshrouded/client/1076226.json,text-contract-doc-build,383,27290460749cae7fe087d1ce027bdd16760f2c284d50211731088c46bd6d2275,static-text-scan-only,No claim of manual line-by-line review,maintainer tooling,move,tools/enshrouded/function-catalogs/enshrouded/client/1076226.json,Investigation tooling is not production runtime or public API,{}
src/loader/runtime/profile-tools/dev/function-catalogs/enshrouded/client/1076226.runtime-index.json,text-contract-doc-build,33,bb6d67be626526be4a3b9af70efe8d0bf3ab93998400e1fd8ef26bda155e8cf3,static-text-scan-only,No claim of manual line-by-line review,maintainer tooling,move,tools/enshrouded/function-catalogs/enshrouded/client/1076226.runtime-index.json,Investigation tooling is not production runtime or public API,{}
src/loader/runtime/profile-tools/dev/function-catalogs/enshrouded/server/1024233.json,text-contract-doc-build,33,1fab7f97aa5d973564bc46780a9d4bd90639c83dd275df3b51c691b14f755d96,static-text-scan-only,No claim of manual line-by-line review,maintainer tooling,move,tools/enshrouded/function-catalogs/enshrouded/server/1024233.json,Investigation tooling is not production runtime or public API,{}
src/loader/runtime/profile-tools/dev/investigations/2026-10-08-component-registry.md,text-contract-doc-build,213,f3360bd62b50a47209129aba63111caa5a9d00cfd6670518f56d94638656058d,static-text-scan-only,No claim of manual line-by-line review,maintainer tooling,move,tools/enshrouded/investigations/2026-10-08-component-registry.md,Investigation tooling is not production runtime or public API,"{""kfc_access"": 3}"
src/loader/runtime/profile-tools/dev/investigations/2026-10-08-runtime-discovery.md,text-contract-doc-build,136,866736b0e95d01b98efe391312c647b90229c6477c349935bd0905cdf4f87399,static-text-scan-only,No claim of manual line-by-line review,maintainer tooling,move,tools/enshrouded/investigations/2026-10-08-runtime-discovery.md,Investigation tooling is not production runtime or public API,{}
src/loader/runtime/profile-tools/dev/investigations/2026-10-09-smelter-production.md,text-contract-doc-build,184,82920ed70641a6974d7550aee6767a0f4d83bfc9532f214e3582443151b5a3a1,static-text-scan-only,No claim of manual line-by-line review,maintainer tooling,move,tools/enshrouded/investigations/2026-10-09-smelter-production.md,Investigation tooling is not production runtime or public API,"{""world_editor"": 1}"
src/loader/runtime/profile-tools/dev/investigations/2026-10-09-undo-server-live.md,text-contract-doc-build,292,444135b0e38080014e9c45bae5971ae39d8f145b7ea0c3e801cf8d0ea855607c,static-text-scan-only,No claim of manual line-by-line review,maintainer tooling,move,tools/enshrouded/investigations/2026-10-09-undo-server-live.md,Investigation tooling is not production runtime or public API,"{""kfc_access"": 2, ""native_symbols"": 1, ""world_editor"": 2}"
src/loader/runtime/profile-tools/dev/investigations/2026-10-09-world-editor-live-capture.md,text-contract-doc-build,62,3da4db6d2df59766cc9768bab2be9ffb23b41a91c86b1e3546c7ac6473428d4b,static-text-scan-only,No claim of manual line-by-line review,maintainer tooling,move,tools/enshrouded/investigations/2026-10-09-world-editor-live-capture.md,Investigation tooling is not production runtime or public API,"{""native_symbols"": 1, ""world_editor"": 3}"
src/loader/runtime/profile-tools/dev/investigations/2026-10-09-world-editor-multiplayer.md,text-contract-doc-build,119,a734a489facad87d32325461c7e19ee71a3d5a023e6c63f6d7fd3efe8632a926,static-text-scan-only,No claim of manual line-by-line review,maintainer tooling,move,tools/enshrouded/investigations/2026-10-09-world-editor-multiplayer.md,Investigation tooling is not production runtime or public API,"{""world_editor"": 1}"
src/loader/runtime/profile-tools/dev/schemas/component-catalog.schema.json,text-contract-doc-build,36,4a186a9c3f36a70b35759d9f99ddc8dc10347bf06148b7d92c48aa40a302fc81,static-text-scan-only,No claim of manual line-by-line review,maintainer tooling,move,tools/enshrouded/schemas/component-catalog.schema.json,Investigation tooling is not production runtime or public API,{}
src/loader/runtime/profile-tools/dev/schemas/function-catalog.schema.json,text-contract-doc-build,59,9e72d70c08224e45c8c8fb234893ed9aa6c00cb3fa40b8c3e61f4b7123239c79,static-text-scan-only,No claim of manual line-by-line review,maintainer tooling,move,tools/enshrouded/schemas/function-catalog.schema.json,Investigation tooling is not production runtime or public API,{}
src/loader/runtime/profile-tools/dev/schemas/profile.schema.json,text-contract-doc-build,856,62bac75222f242d3ea0d462d2143396db8a3edef3afc3a6abd45a77adcca514a,static-text-scan-only,No claim of manual line-by-line review,maintainer tooling,move,tools/enshrouded/schemas/profile.schema.json,Investigation tooling is not production runtime or public API,{}
src/loader/runtime/profile-tools/dev/tools/dev-console/live-ecs-capture.cpp,source,171,1141731abe90ac52e7c618c86db368713416637ec43ce766c8eec3d2affc2892,static-text-scan-only,No claim of manual line-by-line review,maintainer tooling,move,tools/enshrouded/tools/dev-console/live-ecs-capture.cpp,Investigation tooling is not production runtime or public API,{}
src/loader/runtime/profile-tools/dev/tools/dev-console/main.cpp,source,956,fe8c268d83a83ee2d6da11d630dce09c7a4f16e40d480a9e50b1373cc5db26f4,static-text-scan-only,No claim of manual line-by-line review,maintainer tooling,move,tools/enshrouded/tools/dev-console/main.cpp,Investigation tooling is not production runtime or public API,"{""kfc_access"": 4, ""native_symbols"": 14}"
src/loader/runtime/profile-tools/dev/tools/enshrouded/audit-mod-origins.py,source,205,ac6a18c2c80eb6743e22398b0fececd0211cac77ecd5c60caa07df4d82ec3fd2,static-text-scan-only,No claim of manual line-by-line review,maintainer tooling,move,tools/enshrouded/tools/enshrouded/audit-mod-origins.py,Investigation tooling is not production runtime or public API,"{""world_editor"": 1}"
src/loader/runtime/profile-tools/dev/tools/enshrouded/capture-factory-state.py,source,149,2b70c8dba7b8b0dbee13fd721c5ab48b64c9ad00e14c0bbc1a93bd3bbbdfff8d,static-text-scan-only,No claim of manual line-by-line review,maintainer tooling,move,tools/enshrouded/tools/enshrouded/capture-factory-state.py,Investigation tooling is not production runtime or public API,{}
src/loader/runtime/profile-tools/dev/tools/enshrouded/compare-recipe-resources.py,source,83,da53ecc0bd42942c366a7dc1976f592a69424af4665b1e403406b6e2fd0976fd,static-text-scan-only,No claim of manual line-by-line review,maintainer tooling,move,tools/enshrouded/tools/enshrouded/compare-recipe-resources.py,Investigation tooling is not production runtime or public API,{}
src/loader/runtime/profile-tools/dev/tools/enshrouded/discover-components.py,source,36,a5d6b550996278cd06a19fdc4f8cd3215abecb0f41d45a1a9ebe5786b304f284,static-text-scan-only,No claim of manual line-by-line review,maintainer tooling,move,tools/enshrouded/tools/enshrouded/discover-components.py,Investigation tooling is not production runtime or public API,{}
src/loader/runtime/profile-tools/dev/tools/enshrouded/discover-runtime.py,source,107,a9a2970bf63a0b2983e92f7508a5f988387cc38ae49e2a2c5426f5c078d6fd23,static-text-scan-only,No claim of manual line-by-line review,maintainer tooling,move,tools/enshrouded/tools/enshrouded/discover-runtime.py,Investigation tooling is not production runtime or public API,{}
src/loader/runtime/profile-tools/dev/tools/enshrouded/discovery/__init__.py,source,1,133e41f4f0e3fcf14e810a1ace01c757f3221f04e9b3117da450cc48b244822a,static-text-scan-only,No claim of manual line-by-line review,maintainer tooling,move,tools/enshrouded/tools/enshrouded/discovery/__init__.py,Investigation tooling is not production runtime or public API,{}
src/loader/runtime/profile-tools/dev/tools/enshrouded/discovery/components.py,source,163,5e538cd9007291ba1d4c9c416df0041b382ac016598baa879a74dbc2c3216ef2,static-text-scan-only,No claim of manual line-by-line review,maintainer tooling,move,tools/enshrouded/tools/enshrouded/discovery/components.py,Investigation tooling is not production runtime or public API,{}
src/loader/runtime/profile-tools/dev/tools/enshrouded/discovery/functions.py,source,190,5a6c95a1eb285d9cc80def49f75a3cf011f9e639940baac06dd8ca12d45563c9,static-text-scan-only,No claim of manual line-by-line review,maintainer tooling,move,tools/enshrouded/tools/enshrouded/discovery/functions.py,Investigation tooling is not production runtime or public API,{}
src/loader/runtime/profile-tools/dev/tools/enshrouded/discovery/live.py,source,267,fcb3548ee5330490ad1775188399a1f4c7859d6c462fbf5f58998caf712afe13,static-text-scan-only,No claim of manual line-by-line review,maintainer tooling,move,tools/enshrouded/tools/enshrouded/discovery/live.py,Investigation tooling is not production runtime or public API,{}
src/loader/runtime/profile-tools/dev/tools/enshrouded/discovery/pe.py,source,126,1522073d021a923e97fd182abb8c4c8f642ceb9b069fee50c95646e3f7b45a21,static-text-scan-only,No claim of manual line-by-line review,maintainer tooling,move,tools/enshrouded/tools/enshrouded/discovery/pe.py,Investigation tooling is not production runtime or public API,{}
src/loader/runtime/profile-tools/dev/tools/enshrouded/discovery/reflection.py,source,134,99d8181b6f8a0d29b12cc274543151e9b639078e37f65983de88c06e57f1e1ae,static-text-scan-only,No claim of manual line-by-line review,maintainer tooling,move,tools/enshrouded/tools/enshrouded/discovery/reflection.py,Investigation tooling is not production runtime or public API,{}
src/loader/runtime/profile-tools/dev/tools/enshrouded/discovery/systems.py,source,38,e9a53c767e2ede8a4a353437af921249ca58006bcd4fad77deda964a2040d176,static-text-scan-only,No claim of manual line-by-line review,maintainer tooling,move,tools/enshrouded/tools/enshrouded/discovery/systems.py,Investigation tooling is not production runtime or public API,{}
src/loader/runtime/profile-tools/dev/tools/enshrouded/export-runtime-bindings.py,source,92,28a4acaf248a2675418e37ce54ba84cde85e36d667bb0dd09908cc2f36c198a9,static-text-scan-only,No claim of manual line-by-line review,maintainer tooling,move,tools/enshrouded/tools/enshrouded/export-runtime-bindings.py,Investigation tooling is not production runtime or public API,{}
src/loader/runtime/profile-tools/dev/tools/enshrouded/inspect-runtime.py,source,154,d1bcde46c76d850a1a4add2fd470b064c147c3c6ed5ec1a1e803632b5ee37466,static-text-scan-only,No claim of manual line-by-line review,maintainer tooling,move,tools/enshrouded/tools/enshrouded/inspect-runtime.py,Investigation tooling is not production runtime or public API,{}
src/loader/runtime/profile-tools/dev/tools/enshrouded/native/audit-live-component-registry.cpp,source,427,36fc0eb01fabee7369277ad6d048f226bdce60a203334c15384af9b3b361c34f,static-text-scan-only,No claim of manual line-by-line review,maintainer tooling,move,tools/enshrouded/tools/enshrouded/native/audit-live-component-registry.cpp,Investigation tooling is not production runtime or public API,{}
src/loader/runtime/profile-tools/dev/tools/enshrouded/native/inspect-component-metadata.cpp,source,80,358d7033b94552328c603a837190b4cec1fb67f84ec0c6c60f6b2429d42c6bd7,static-text-scan-only,No claim of manual line-by-line review,maintainer tooling,move,tools/enshrouded/tools/enshrouded/native/inspect-component-metadata.cpp,Investigation tooling is not production runtime or public API,{}
src/loader/runtime/profile-tools/dev/tools/enshrouded/native/live-entity-manager-sample.cpp,source,93,e0cde992828c4dd2a0171f8fb440d9ebbfac79ec87833eca89746d72e1d04b94,static-text-scan-only,No claim of manual line-by-line review,maintainer tooling,move,tools/enshrouded/tools/enshrouded/native/live-entity-manager-sample.cpp,Investigation tooling is not production runtime or public API,{}
src/loader/runtime/profile-tools/dev/tools/enshrouded/native/live-entity-managers.cpp,source,138,a59677363d63c311d2496894fac75e4a94d5588ee1b6a8116111e73dfd58b214,static-text-scan-only,No claim of manual line-by-line review,maintainer tooling,move,tools/enshrouded/tools/enshrouded/native/live-entity-managers.cpp,Investigation tooling is not production runtime or public API,{}
src/loader/runtime/profile-tools/dev/tools/enshrouded/native/live-type-references.cpp,source,82,70a331e6b629aca52179d3bfb24213c77155652d5ee04e052298da1bf0b2e96d,static-text-scan-only,No claim of manual line-by-line review,maintainer tooling,move,tools/enshrouded/tools/enshrouded/native/live-type-references.cpp,Investigation tooling is not production runtime or public API,{}
src/loader/runtime/profile-tools/dev/tools/enshrouded/native/verify-component-registry.cpp,source,141,e05e74febaa750e2298538fe4c61f19c3d0713798ec832c00e4bd402bd9e42d8,static-text-scan-only,No claim of manual line-by-line review,maintainer tooling,move,tools/enshrouded/tools/enshrouded/native/verify-component-registry.cpp,Investigation tooling is not production runtime or public API,"{""native_symbols"": 3}"
src/loader/runtime/profile-tools/dev/tools/enshrouded/requirements-discovery.txt,text-contract-doc-build,3,5d025749ef15a88fefc554d8c5c60a0865089b0b1c226f1f097deb4ecc1422c9,static-text-scan-only,No claim of manual line-by-line review,maintainer tooling,move,tools/enshrouded/tools/enshrouded/requirements-discovery.txt,Investigation tooling is not production runtime or public API,{}
src/loader/runtime/profile-tools/dev/tools/enshrouded/run-live-component-registry-audit.ps1,source,64,acde9bcca6389435bafef8f852503c4f651fa8b49674d7c38db63622c49d6776,static-text-scan-only,No claim of manual line-by-line review,maintainer tooling,move,tools/enshrouded/tools/enshrouded/run-live-component-registry-audit.ps1,Investigation tooling is not production runtime or public API,"{""kfc_access"": 3}"
src/loader/runtime/profile-tools/dev/tools/enshrouded/run-runtime-discovery.ps1,source,106,ca8d5aba299bb65e04fc0c7ee8c1f7e8e5221c14fa3d42a42a8b0328d8e12e2a,static-text-scan-only,No claim of manual line-by-line review,maintainer tooling,move,tools/enshrouded/tools/enshrouded/run-runtime-discovery.ps1,Investigation tooling is not production runtime or public API,"{""kfc_access"": 2}"
src/loader/runtime/profile-tools/dev/tools/enshrouded/tests/test_components.py,source,94,213c65fc5c1fc52114bf22066f3c8d8317331ee3f2a3fb08ec420a2e93192582,static-text-scan-only,No claim of manual line-by-line review,maintainer tooling,move,tools/enshrouded/tools/enshrouded/tests/test_components.py,Investigation tooling is not production runtime or public API,{}
src/loader/runtime/profile-tools/dev/tools/enshrouded/tests/test_discovery.py,source,168,72cd0f9b517ca4669e5eb97c5acbb9083e26e773bc5637f4b1ba9828ee326bb5,static-text-scan-only,No claim of manual line-by-line review,maintainer tooling,move,tools/enshrouded/tools/enshrouded/tests/test_discovery.py,Investigation tooling is not production runtime or public API,{}
src/loader/runtime/profile-tools/dev/tools/enshrouded/tests/test_mod_origins.py,source,35,05871d0058ecb682f7946cc10ba0508843e72c48030dd4c558226e0091623543,static-text-scan-only,No claim of manual line-by-line review,maintainer tooling,move,tools/enshrouded/tools/enshrouded/tests/test_mod_origins.py,Investigation tooling is not production runtime or public API,{}
src/loader/runtime/profile-tools/dev/tools/enshrouded/verify-attribute-vm.py,source,107,2324c739ae423200c719557a22e569070f0160334d8e7a0fc5f43369dbcac059,static-text-scan-only,No claim of manual line-by-line review,maintainer tooling,move,tools/enshrouded/tools/enshrouded/verify-attribute-vm.py,Investigation tooling is not production runtime or public API,{}
src/loader/runtime/profile-tools/dev/tools/enshrouded/verify-buffer-adapters.py,source,83,63d3683318c759cc8860436048a35162afc5435d725228112b196f58abe92ba8,static-text-scan-only,No claim of manual line-by-line review,maintainer tooling,move,tools/enshrouded/tools/enshrouded/verify-buffer-adapters.py,Investigation tooling is not production runtime or public API,{}
src/loader/runtime/profile-tools/dev/tools/enshrouded/verify-building-input.py,source,71,0b93cb1dd58e3d372bd624dc103184168a538c33d023407a36bb52d5e686f8cf,static-text-scan-only,No claim of manual line-by-line review,maintainer tooling,move,tools/enshrouded/tools/enshrouded/verify-building-input.py,Investigation tooling is not production runtime or public API,{}
src/loader/runtime/profile-tools/dev/tools/enshrouded/verify-inventory-zero.py,source,100,e427c8ef0f54008470fef795af63b6e74c821ca115f7239d5df2a81de38ed067,static-text-scan-only,No claim of manual line-by-line review,maintainer tooling,move,tools/enshrouded/tools/enshrouded/verify-inventory-zero.py,Investigation tooling is not production runtime or public API,{}
src/loader/runtime/profile-tools/dev/tools/enshrouded/verify-world-event-abi.py,source,119,51b7c177a8ff0a17c040e9d3dce15305029d7f7656efc86ab7e733b268129b98,static-text-scan-only,No claim of manual line-by-line review,maintainer tooling,move,tools/enshrouded/tools/enshrouded/verify-world-event-abi.py,Investigation tooling is not production runtime or public API,{}
src/loader/runtime/profile-tools/dev/tools/tests/building_input_test.cpp,source,90,03ac19c6b3dc50bd0163e8b9feb0a2b07fd0378b3d80e3a555d4f0f08eeb00dd,static-text-scan-only,No claim of manual line-by-line review,maintainer tooling,move,tools/enshrouded/tools/tests/building_input_test.cpp,Investigation tooling is not production runtime or public API,"{""native_symbols"": 19}"
src/loader/runtime/profile-tools/dev/tools/tests/prop_query_test.cpp,source,139,9fa21762b3840d46e051af5ce9e0f16f9827788dbe5e16549491843e98a9f098,static-text-scan-only,No claim of manual line-by-line review,maintainer tooling,move,tools/enshrouded/tools/tests/prop_query_test.cpp,Investigation tooling is not production runtime or public API,"{""native_symbols"": 12}"
src/loader/runtime/profile-tools/dev/tools/tests/world_context_test.cpp,source,94,b9b3c7884c8b246bbb844242006549129f5d5adb5ed8a40abd291d2b30834f21,static-text-scan-only,No claim of manual line-by-line review,maintainer tooling,move,tools/enshrouded/tools/tests/world_context_test.cpp,Investigation tooling is not production runtime or public API,"{""native_symbols"": 7}"
src/loader/runtime/profiles/README.md,text-contract-doc-build,51,a1feeff6012d18ee1f04572f4e100aa3586b1410836f1be5a8f10af6428d92e1,static-text-scan-only,No claim of manual line-by-line review,games/enshrouded,move,src/games/enshrouded/profiles/README.md,Source path changes; installed profile path stays compatible,{}
src/loader/runtime/profiles/enshrouded/client/1076226.json,text-contract-doc-build,968,7c76e6cbec315950939f526ccf5a4a04c44794ea5fc994455755d14043719d44,static-text-scan-only,No claim of manual line-by-line review,games/enshrouded,move,src/games/enshrouded/profiles/client/1076226.json,Source path changes; installed profile path stays compatible,{}
src/loader/runtime/profiles/enshrouded/server/1024233.json,text-contract-doc-build,945,26b7d6ccfb68dc4fa02c8a97b25ae1b4450fdc3a44979e51d70583300a385406,static-text-scan-only,No claim of manual line-by-line review,games/enshrouded,move,src/games/enshrouded/profiles/server/1024233.json,Source path changes; installed profile path stays compatible,{}
src/loader/workflow/lib.rs,source,261,33bb67596dd381a07ced8a779c09b1687a41417276e69b07e95272824e7e578f,selected-sections-read,startup controller and runtime entrypoints,apps + core/runtime,split,src/apps/game_runtime/lib.rs | src/core/runtime/lifecycle.rs,FFI adapter and mod session lifecycle,{}
src/loader/workflow/main.rs,source,351,b66cf3f871e96befef8a879f1774337ca98a8cddf4d764fb804102e703262a94,selected-sections-read,CLI and special process modes,apps,split,src/apps/cli.rs | src/apps/desktop.rs | src/apps/compose.rs,CLI routing; remove feature-specific entry logic,"{""world_editor"": 3}"
src/loader/workflow/pregame.rs,source,719,3264cb8dde15c190ff12ecc21795fdd647c18b3ba7a58a40f458ecf78095f2e9,static-text-scan-only,No claim of manual line-by-line review,games/enshrouded/assets,split,src/games/enshrouded/assets/prepare.rs | src/games/enshrouded/assets/recovery.rs,Asset preparation and recovery; package plan consumed from core,"{""kfc_access"": 1}"
src/loader/workflow/tests.rs,source,102,407953b010effd451307fc6efe9b76e2f986d174c4df8f9aec3bfc93d1a01992,full-file-read,Full file contents inspected in current review,core/mods,move,src/core/mods/tests.rs,Keep unit-test registration and existing fixture coverage,{}
src/parser/Cargo.toml,text-contract-doc-build,15,a26e23b5268d53b89e312b60e341402509da1dfe26cf22fc9e24b6d86e64caa6,full-file-read,Full file contents inspected in current review,games/enshrouded,merge,src/games/enshrouded/Cargo.toml,KFC dependency belongs to game integration,{}
src/parser/kfc-parser,dependency-submodule,,,dependency-boundary-only,"Pinned dependency, not line-by-line reviewed",third-party dependency,relocate-submodule,vendor/kfc-parser,Preserve pinned revision; Rust and proxy builds consume this one checkout,
src/parser/parser-status.schema.json,text-contract-doc-build,14,0d7186fa89201769e7876f46a9c84a66df8d3bed8d68a288c113d82fd860da25,static-text-scan-only,No claim of manual line-by-line review,games/enshrouded/assets,move,src/games/enshrouded/assets/parser-status.schema.json,Parser contract and supporting docs stay with game integration,{}
src/parser/src/lib.rs,source,271,a7164bb641967ad58bc58fd2cf91cf9f96482586c637fe5624191565371dbe5b,selected-sections-read,1-200: KFC boundary and model,games/enshrouded/assets,split,src/games/enshrouded/assets/parser.rs | src/games/enshrouded/assets/model.rs | src/games/enshrouded/assets/kfc_format.rs,One KFC implementation boundary; preserve parser model and formats,"{""kfc_access"": 5}"
src/parser/src/snapshot.rs,source,223,e3b8208d503bbf3f125e3356e07a7cfba9e1d9499ad2eb79dd6bb03d7e70cde5,static-text-scan-only,No claim of manual line-by-line review,games/enshrouded/assets,move,src/games/enshrouded/assets/snapshot.rs,Export data with build/target provenance,{}
src/parser/src/transaction.rs,source,211,77026ab8457002e46354ca18d6bea8fd9347cde44813aae59d57b366904fbd51,static-text-scan-only,No claim of manual line-by-line review,games/enshrouded/assets,move,src/games/enshrouded/assets/transaction.rs,Preserve commit/rollback ordering,{}
templates/mod/README.md,text-contract-doc-build,67,4e7ccabe0f897b9e32335ac31c9687d9b1c087642c70f0f0ea2c47ed525db2ba,static-text-scan-only,No claim of manual line-by-line review,SDK examples,move,sdk/templates/mod/README.md,"Generator, website download and docs use same example package",{}
templates/mod/extended.mod.json,text-contract-doc-build,57,a3a3a080ecd82997c292a5efb4367deb7cd09e24638b341e0b8a9b3c87841d6c,static-text-scan-only,No claim of manual line-by-line review,SDK examples,move,sdk/templates/mod/extended.mod.json,"Generator, website download and docs use same example package",{}
templates/mod/icon.svg,text-contract-doc-build,17,765cbec3acfff37160048edd1a2b1b088a8c51ea2ea029827e03a5200e94b414,static-text-scan-only,No claim of manual line-by-line review,SDK examples,move,sdk/templates/mod/icon.svg,"Generator, website download and docs use same example package",{}
templates/mod/mod.json,text-contract-doc-build,16,08c984871743cb2e1453cdb6734763c2f7402ff38b83d650a17f8cec18bb06a4,static-text-scan-only,No claim of manual line-by-line review,SDK examples,move,sdk/templates/mod/mod.json,"Generator, website download and docs use same example package",{}
templates/mod/src/mod.lua,source,26,469489aa16d3239f0c588b99f1641077be2b32497042c37b1cb8a568556aa760,static-text-scan-only,No claim of manual line-by-line review,SDK examples,move,sdk/templates/mod/src/mod.lua,"Generator, website download and docs use same example package",{}
website/.nojekyll,text-contract-doc-build,1,01ba4719c80b6fe911b091a7c05124b64eeece964e09c058ef8f9805daca546b,static-text-scan-only,No claim of manual line-by-line review,website,keep,website/.nojekyll,"Consume SDK contracts, shared controls, examples and generated reference",{}
website/README.md,text-contract-doc-build,48,fb5d531a3296c7818931c26443ee3334bf8006f449ae190f3a857a06724da5bd,static-text-scan-only,No claim of manual line-by-line review,website,keep,website/README.md,"Consume SDK contracts, shared controls, examples and generated reference",{}
website/app.js,source,814,2f84c1bfc4108bdc27bf99c88d986ecdd11a1ccce547d256c2fb962d16674b92,selected-sections-read,246-319 manual validator; editor/reference/preview symbol map; existing validator executed against unchanged world-editor manifests: rejects targets,website + SDK UI,split,website/editor.js | website/reference.js | website/navigation.js | sdk/web/ModPreview.tsx,Delete hand-maintained schema validator and separate preview implementation after shared replacements,{}
website/content.de.js,source,119,0c96f41b1a80a6938e496e95ab866e4ea4cfe5a3dbbd305ee3bc47a03e82f218,static-text-scan-only,No claim of manual line-by-line review,website,keep,website/content.de.js,"Consume SDK contracts, shared controls, examples and generated reference",{}
website/content.en.js,source,117,7875b06dd0b44d3f35ffd26eaa9052996c3304f4c515433e085eba43f6201a59,static-text-scan-only,No claim of manual line-by-line review,website,keep,website/content.en.js,"Consume SDK contracts, shared controls, examples and generated reference",{}
website/data/api.json,generated,16080,c94db85d904bf92e6f1022c596c51bb5f8132cc7574aad8fac33e51bdf56a4b5,inventory-only,No claim of manual line-by-line review,generated published reference,regenerate,website/data/api.json,Versioned generation inputs; no independent hand-maintained contract,{}
website/data/current.json,generated,3,ebc6ac9c05f5c88f8016cb83221077b78a95b67eaa1b05fae982c301d9d1d456,inventory-only,No claim of manual line-by-line review,generated published reference,regenerate,website/data/current.json,Versioned generation inputs; no independent hand-maintained contract,{}
website/data/enshrouded-1076226---game38-branches-ea-update-08-2026-06-29t10-27-39-052394z/profile.json,generated,7,0123cf9460f497ee8e8ff2881efceafa0379410cdd6cbc35e51d4c8de0c7aab0,inventory-only,No claim of manual line-by-line review,generated published reference,regenerate,website/data/enshrouded-1076226---game38-branches-ea-update-08-2026-06-29t10-27-39-052394z/profile.json,Versioned generation inputs; no independent hand-maintained contract,{}
website/data/enshrouded-1076226---game38-branches-ea-update-08-2026-06-29t10-27-39-052394z/resources.json,generated,311504,bc2f3e0d4dd325310465d1ccf9cd3a0e46f0bf65952a25e28eadb933fed49094,inventory-only,No claim of manual line-by-line review,generated published reference,regenerate,website/data/enshrouded-1076226---game38-branches-ea-update-08-2026-06-29t10-27-39-052394z/resources.json,Versioned generation inputs; no independent hand-maintained contract,{}
website/data/enshrouded-1076226---game38-branches-ea-update-08-2026-06-29t10-27-39-052394z/runtime-ecs-types.json,generated,37430,37cc52349746bcab781a510431486c45a200eaf0e387e7dd179718c660b51428,inventory-only,No claim of manual line-by-line review,generated published reference,regenerate,website/data/enshrouded-1076226---game38-branches-ea-update-08-2026-06-29t10-27-39-052394z/runtime-ecs-types.json,Versioned generation inputs; no independent hand-maintained contract,{}
website/data/enshrouded-1076226---game38-branches-ea-update-08-2026-06-29t10-27-39-052394z/runtime-ecs-types.md,generated,45,bc47de872a130e5064f818ffa9297984a419e404f6d7fa68f169fd602dd638fa,inventory-only,No claim of manual line-by-line review,generated published reference,regenerate,website/data/enshrouded-1076226---game38-branches-ea-update-08-2026-06-29t10-27-39-052394z/runtime-ecs-types.md,Versioned generation inputs; no independent hand-maintained contract,{}
website/data/enshrouded-1076226---game38-branches-ea-update-08-2026-06-29t10-27-39-052394z/types.json,generated,488275,3393afa83a0d120457f9b736e445ed23f65b9f36c2d8749efe99890dab0d70f1,inventory-only,No claim of manual line-by-line review,generated published reference,regenerate,website/data/enshrouded-1076226---game38-branches-ea-update-08-2026-06-29t10-27-39-052394z/types.json,Versioned generation inputs; no independent hand-maintained contract,{}
website/data/enshrouded-1076226---game38-branches-ea-update-08-2026-06-29t10-27-39-052394z/types.lua,generated,93329,2ad2200d99b1c0d970c524de1f33a9b4d69d6b30e3fe8d3178dc13e7cdf82519,inventory-only,No claim of manual line-by-line review,generated published reference,regenerate,website/data/enshrouded-1076226---game38-branches-ea-update-08-2026-06-29t10-27-39-052394z/types.lua,Versioned generation inputs; no independent hand-maintained contract,{}
website/de/index.html,source,16,c695d2a2300becd14c9dce3823f40b35379dd323b6f0be2354bb793218049758,static-text-scan-only,No claim of manual line-by-line review,website,keep,website/de/index.html,"Consume SDK contracts, shared controls, examples and generated reference",{}
website/en/index.html,source,16,3d51926146aa11d1024a88213ddaac3eb16cbeb1eb0639fcb6363d52e9dc77a0,static-text-scan-only,No claim of manual line-by-line review,website,keep,website/en/index.html,"Consume SDK contracts, shared controls, examples and generated reference",{}
website/index.html,source,15,b0f15d9ce286894c7b9d6610d36ee133ab5168605df2e82694a07c3732fb65f3,static-text-scan-only,No claim of manual line-by-line review,website,keep,website/index.html,"Consume SDK contracts, shared controls, examples and generated reference",{}
website/media/flag-de.svg,text-contract-doc-build,1,8de5fbb6bc9b5e680134181cd45f0d7b543fdb745bafd0478e73cdaab1eaa17a,static-text-scan-only,No claim of manual line-by-line review,website,keep,website/media/flag-de.svg,"Consume SDK contracts, shared controls, examples and generated reference",{}
website/media/flag-en.svg,text-contract-doc-build,1,169c3da102907d9e6a8035fb1a62c3f5d309a4f309c5f1190c0532cced7f1a0f,static-text-scan-only,No claim of manual line-by-line review,website,keep,website/media/flag-en.svg,"Consume SDK contracts, shared controls, examples and generated reference",{}
website/media/modloader-ui.png,binary,,8471993944a36bbeb45651a5a4f5ef4a1d8922524df0d8380628728037c85236,inventory-only,No claim of manual line-by-line review,website,keep,website/media/modloader-ui.png,"Consume SDK contracts, shared controls, examples and generated reference",{}
website/media/shroudforge-mark.svg,text-contract-doc-build,16,b5b68fbdbb5fb2e9d8edd03625bb2f5b7b69cbc31cb7e6df099255caadf964bd,static-text-scan-only,No claim of manual line-by-line review,website,keep,website/media/shroudforge-mark.svg,"Consume SDK contracts, shared controls, examples and generated reference",{}
website/schemas/extended.mod.schema.json,generated,97,97f75823cf927614a7c85af334e735711888cc10144e84c91de5cf6bec56083a,inventory-only,No claim of manual line-by-line review,generated published reference,regenerate,website/schemas/extended.mod.schema.json,Versioned generation inputs; no independent hand-maintained contract,{}
website/schemas/manifest.schema.json,generated,101,970a7cdbdc21669f27990bbba78203bb2d23a5cf3bef824919ab42680dfb8192,inventory-only,No claim of manual line-by-line review,generated published reference,regenerate,website/schemas/manifest.schema.json,Versioned generation inputs; no independent hand-maintained contract,{}
website/styles.css,source,143,57e81d5e06686144bb61a96e8c9f951dcf325f3ba68f347861ea9d93a934f5c6,static-text-scan-only,No claim of manual line-by-line review,website,keep,website/styles.css,"Consume SDK contracts, shared controls, examples and generated reference",{}
website/tools/build-runtime-ecs-reference.mjs,source,147,0ca9a5c4581e657f8eb25274fafdfea54828326705934a4f7849dc48367bda5f,static-text-scan-only,No claim of manual line-by-line review,website,keep,website/tools/build-runtime-ecs-reference.mjs,"Consume SDK contracts, shared controls, examples and generated reference",{}
website/tools/build.mjs,source,159,727de90873d8cce11abcc44450d51566edf4e7bfa91d2a47d447e378798414d1,full-file-read,Full file contents inspected in current review,SDK generation + website,replace,tools/sdk/build.mjs | website/tools/build.mjs,No fabricated public-name aliases; one contract build used by editor/docs,{}
website/tools/sanitize-snapshots.mjs,source,18,5f40da758f1f165b54ac8ff3229f17ed3a93dcf427792612694c92158fc6b7c2,static-text-scan-only,No claim of manual line-by-line review,website,keep,website/tools/sanitize-snapshots.mjs,"Consume SDK contracts, shared controls, examples and generated reference",{}
website/tools/validate.mjs,source,54,4509eb6866e0f178445280b6c8777ce172c87f272d00d2275d15c3b78a852c11,full-file-read,Full file contents inspected in current review,contract verification,extend,website/tools/validate.mjs,Check full registered API/schema parity and examples; not a few expected symbol names,{}
